city,count
 Bern­Schweiz,0
 Hamburg,0
 Löchgau,0
 Stuttgart,0
 Trier,0
 Weissenfels,1
"""Villa Stadt Paris"" a. Helgoland",0
(Neundörfer,0
(verschollen),0
[Alperts Gmd.] Ratzenried,1
[Baiermühle Gmd.] Aufhausen,1
[Berlin],1
[Blaubeuren],1
[Breitenteich],1
[Bremen],1
[Crivitz],1
[Goshen,1
[Hohenkirchen],1
[Kt. Graubünden­Schweiz],1
[Los Àngeles]­Chile i. Südamerika,1
[Mangalur­Ostindien],1
[Meercut,1
[Nagy-Körös]­Ungarn,1
[Neckarelz,1
[Nieder-]Wildungen,1
[Schorndorf],2
[Schwäbisch] Gmünd,3
[St.] Petersburg­[Russland],1
[St.] Petersburg­Russland,1
[Steinbach,1
[Stuttgart],1
[Zettemin],1
1875,1
a. Harz,1
a.d. Yser­Belgien,0
Aachen,6
Aaldingen,1
Aalen,15
Aarau,6
Aarau­[Schweiz],1
Aarau­Schweiz,1
Aarberg,2
Abbazia­Jugoslawien,0
Abbehausen,1
Abbenrode,0
Aberdeen,2
Aberdeen­Schottland,1
Aberdeenshire­Schottland,1
Aberdrenshire­Schottland,1
Ablach,0
Abo­Finnland,1
Abokobi,1
Abtsgmünd,4
Aburi­Goldküste i. West-Afrika,1
Aburi­Westafrika,1
Accum,1
Achern,1
Achim i.Harz,1
Ackendorf,1
Ada,1
Adelberg,2
Adelmannsfelden,5
Adelsheim,2
Adelshofen,1
Ader,1
adersleben,0
Adl. Borkau,1
Adolzfurth,3
Adolzhausen,3
Adorf,2
Aengst a. Albis,1
Aesch,1
Affalterbach,1
Affaltrach,2
Affing,1
Affstädt,1
Agnethlen,1
Ahausen,1
Ahden,1
Ahldorf,2
Ahlen,1
Ahliwiesto­Finnland,1
Ahlshausen,1
Ahrenburg i. Holstein,0
Ahrensboek,1
Aichach,1
Aichelberg,1
Aichschieß,1
Aichstetten,2
Aidlingen,1
Ailingen,0
Ailringen,1
Aisne,0
Aistaig,1
Aisteig,1
Akaroa,0
Aken,1
Akita­Japan,1
Akropong,1
Akropong­Goldküste­Westafrika,1
Akropong­Westafrika,4
Alaunwerk Bad Düben,0
Albano­Italien,1
Albertshausen,1
Albertskirch,1
Albrechtsdorf i.d. Niederlausitz,1
Albungen a.d. Werra,1
Aldingen,2
Alen?,1
Alexandrien­Ägypten,1
Alfdorf,2
Alfeld,2
Alfhausen,1
Aligse,0
Allegheny Cita,1
Allenstein,0
Alles,1
Allmersbach,1
Allrode,2
Allschwil,1
Allschwill,0
Almens,1
Almrich,1
Alost­Belgien,0
Alpeck,1
Alpenrod,1
Alpirsbach,2
Alpirsbachh,1
Alpnachstad,0
Alsbach,0
Alsenz,1
Alsenz i.d. Rheinpfalz,1
Alsleben,0
Alsleben a.d. Saale,1
Alt St. Johann,2
Alt-Carwen,1
Alt-Damerow,1
Altdorf,6
Altdorf-Weingarten,3
Alt-Dünterndorf?,1
Alt-Elft,0
Altena,2
Altenahr,1
Altenbögge-Bönen,0
Altenbuch i. Spessart,1
Altenburg,5
Altenesch,1
Altenhof,0
Altenkirch,1
Altenkirchen,2
Altenmünster,1
Altenstadt,2
Altensteig,6
Altenstein,0
Alterstedt,1
Altesteig,0
Alt-Farpen,1
Altfelde,1
Alt-Gatersleben,1
Altharen,1
Althausen,0
Altheim,1
Althengstett,0
Althundem,1
Althütten,1
Altlandsberg,1
Alt-Landsberg,1
Altleiningen,1
Altluneberg,1
Altlusheim,1
Altlußheim,1
Altnau,1
Altneuhaus,1
Altoberndorf,1
Altona,9
Altona a.d. Elbe,1
Altona Hamburg,0
Altona-Othmarschen,0
Altona-Ottensen,1
Altona-Ottensenn,1
Altscherbitz,0
Alt-Scherbitz,0
Altschlußheim,1
Altshausen,3
Altstätten­Schweiz,0
Altston­England,1
Alt-Strelitz,1
Alt-Warthau,1
Altweilnau,1
Alzey,2
Amberg,1
Amelsbüren,0
Amerika,1
Amiens­Frankreich,0
Amlishagen,2
Ammersweiler,1
Amorbach,1
Amrum,0
Amsdorf a. See,1
Amsterdam,0
Amsterdam­Holland,1
Amsterdam­Niederlande,1
Amt Mildenberg,1
Amtzell,0
an Verwundung,0
Anandapur­Ostindien,1
Anclam,1
Andeer,0
Andelsbuch,1
Andernach,1
Angerbrug,1
Angermünde,1
Angern,0
Angola­Westafrika,0
Anis­Süd-Afrika,1
Anklam,2
Anlo???ele,1
Ann Arbor,0
Annaberg,1
Annarbor,1
Annen,0
Annweiler i.d. Pfalz,1
Annweiler i.d. Rheinpfalz,1
Ansbach,6
Ansbach i. Mittelfranken,1
Anspach,0
Antibes,1
Antwerpen­[Belgien],1
Antwerpen­Belgien,1
Anviaotee,1
Aplerbeck,2
Appenrade,1
Appolinarisbrunnen,1
Appriken,1
Aprémont,0
Archangel­Russland,1
Archshofen,1
Arckel,1
Arco,0
Ardez,0
Areuse-Boudry­Schweiz,0
Arkel,1
Arnegg,1
Arnsberg,2
Arnstadt,5
Arnswalde,1
Arolsen,0
Arosa,0
Arosa­Schweiz,0
Arras,0
Arras­Frankreich,0
Arstadt,1
Artern,1
Arth,1
Asbach,1
Asch,1
Aschaffenburg,0
Aschersleben,1
Ascona­Schweiz,0
Aspenstedt,1
Asperg,0
Aßelfingen,1
Aßmannsfurt,1
Assuan­Ägypten,0
Asterlagen,1
Asunción­Paraguay,0
Athen,1
Athen­Griechenland,1
Atlburon,1
Attendorn,0
Attenhausen,1
Attenweiler,0
Attweiler?,1
Auburn,1
Audenhain,1
Aue,0
Aue i. Erzgebirge,0
Auenstein,2
Auerbach a.d.L.,1
auf dem adeligen Gut Hojland?,1
auf dem Apfelhof,1
auf dem Kitzinghof,1
auf der Schildhorst i. Hannover,1
auf Hof Vogelsberg,1
auf See an Bord des Dampfers Kolumbus,0
Aufhausen,3
Auggen,0
Auglaize,0
Augsburg,2
Augustowo­Polen,0
Auingen,1
Aulendorf,2
Aulhausen,1
Aurich,6
Ausburg,1
Ausgburg,1
Auswyl,1
Avenches,2
Averlack,1
Avocourt,0
Ay,0
Ayr­Schottland,1
Ba?holm,1
Baarn,0
Babelsberg,0
Babitz,1
Bach,1
Bacharach,1
Bacharach a. Rhein,1
Bächingen,1
Backnang,9
Bad  Salzuflen,0
Bad Berka,0
Bad Blankenburg,0
Bad Boll,0
Bad Cannstatt,0
Bad Dürrenberg,0
Bad Dürrheim,0
Bad eilsen,0
Bad Ems,0
Bad Essen,1
Bad Godesberg,0
Bad Hall,0
Bad Harzburg,0
Bad Homburg,0
Bad Homburg v.d.H.,0
Bad Honnef,0
Bad Kissingen,1
Bad Köstritz,0
Bad Kreuznach,0
Bad Liebenstein,1
Bad Liebenzell,0
Bad Lippspringe,0
Bad Mergentheim,0
Bad Münster a. Stein,0
Bad Münster am Stein,0
Bad Nassau,0
Bad Nauheim,0
Bad Neuenahr,0
Bad Oeynhausen,0
Bad Pfäffers,0
Bad Pyrmont,0
Bad Rehburg,1
Bad Reichenhall,0
Bad Reinerz,0
Bad Sachsa,0
Bad Salzuflen,0
Bad Schachen a. Bodensee,0
Bad Schussenried,0
Bad Stuer,1
Bad Teinach,0
Bad Tölz,0
Bad Tölz Heilbrunn,0
Bad Urach,0
Bad Waldsee,0
Bad Wildungen,1
Bad Wurzach,0
Bad. Godesberg,0
Badbergen,1
Badeleben,1
Baden,3
Baden-Baden,1
Baden­Schweiz,0
Badenweiler,0
Badresch,1
Baerwalde i.d. Neumark,1
Baesweiler,1
Bagband,0
Bagow,1
Bahia,0
Bahia­Brasilien,1
Bahlingen,1
Bahrenburg,1
Baienfurt,1
Baiersbronn,2
Baiersbronn-Klosterreichenbach,0
Baiersbronn-Mitteltal,1
Baiersbronn-Mittelthal,1
Baindt,1
Baisingen,2
Baku i. Kaukasus­Russland,1
Baldenburg,1
Baldern,1
Balgach,3
Balingen,16
Ballenstedt,0
Ballenstedt a. Harz,2
Ballenstedt a.H.,1
Ballerstedt i. Harz,1
Ballum,1
Ballyshannon­Irland,1
Baltimore,0
Baltimor­USA,1
Baltmannsweiler,2
Bamberg,1
Bammenthal,1
Bandong­Java,1
Banskow­Mazedonien,1
Banßen,1
Banteln,1
Bar Harbor,0
Baranowitschi,0
Baranzy,0
Baranzy­Frankreich,0
Barbeck,1
Barbeke,1
Barby,3
Barcelona­Spanien,0
Bardeleben,1
Bardenfleth,1
Barenthin,0
Bäretsweil,1
Bäretswil,1
Bargen,1
Barkau,1
Barlin,1
Barlt,1
Barlt i. Holstein,0
Barmbeck,1
Barmen,11
Barmen-Wichlinghausen,1
Barmstedt,1
Barnimscunow,2
Barnstädt,0
Barop,1
Barse­Ungarn,1
Barten,3
Bartenstein,7
Bartholomä,1
Bartschin,1
Barum,0
Baruth,1
Bärwalde,1
Bärwalde i.d.NM.,2
Basbach,1
Basel,3
Basel­[Schweiz],10
Basel­Schweiz,18
Basentin,1
Batavia­[Java],1
Batavia­Indonesien,0
Batria­Brasilien,1
Battin,1
Battle-Zwittau,0
Baum Erlenbach,1
Baumgarten,1
Bautzen,0
Bavelberg,1
Bavendorf,1
Bayern,1
Bayreuth,1
Bazenheid,0
Beauclair,0
Beauclair­Frankreich,0
Bebenhausen,2
Becelaere,0
Bechtheim,1
Bechtolsheim i. Rheinhessen,1
Beckem,1
Beckum,2
Bedburg,0
Beelitz,1
Beerenthal,1
Beesenstedt,0
Begnins,1
Behle,1
Behndorf,1
Behringersdorf,0
bei Ypern,0
Bei Zandwoord,0
Beihingen,0
Beilstein,6
Belgard,1
Belgien,0
Bellamont,1
Bellevue,1
Bellinzona­Schweiz,0
Belsenberg,3
Beltus-y-Coed,1
Belzig,1
Bempflingen,1
Bendersyl i. Ostfriesland,1
Bendorf,1
Benediktbeuren,0
Benfeld,1
Benken,1
Benningen,2
Bennwil,1
Bensenville,0
Benzenzimmern,1
Beograd­Jugoslavien,0
Beraix,1
Berchardtsweiler,1
Berchtesgaden,0
Berditschnew­Russland,0
Berenbeck,1
Berent,2
Berg,2
Berge,1
Bergedorf,0
Bergen a. Rügen,1
Bergen auf Rügen,1
Bergen bei Celle,1
Bergen­Norwegen,1
Bergerhausen,1
Bergfelden,1
Berghausen,4
Bergisch Gladbach,1
Bergisch-Gladbach,1
Bergkirchen,1
Berg-Stuttgart,1
Bergün,1
Bergzabern i.d. Rheinpfalz,1
Berkheim,1
Berkstein,1
Berkum,0
Berküm,1
Berleburg,2
Berlichingen,2
Berlin,77
Berlin ?,0
Berlin-Baumschulenweg,0
Berlin-Charlottenburg,0
Berlinchen i.d. Neumark,1
Berlin-Dahlem,0
Berlin-Friedenau,0
Berlin-Frohnau,0
Berlingen,2
Berlin-Hermsdorf,0
Berlin-Lichterfelde,0
Berlin-Mariendorf,0
Berlin-Ost,0
Berlin-Pankow,0
Berlin-Plötzensee,0
Berlin-Schöneberg,0
Berlin-Steglitz,0
Berlin-Wilmersdorf,0
Berlin-Zehlendorf,0
Bermaringen,1
Bermeringen,1
Bern,1
Bern­[Schweiz],8
Bernau i.d.M.,1
Bernburg,10
Bernburg a.d. Saale,0
Berne,1
Berneck,5
Berner Oberland­Schweiz,0
Bernhausen,2
Bernloch,2
Bernried a. Starnberger See,0
Bern­Scheiz,0
Bern­Schweiz,6
Bernsfelden,1
Bernstein,1
Bernstein a.W.,1
Bero-Münster,3
Beromünster­Schweiz,0
Bersenbrück,1
Besenfeld,1
Besigheim,10
Bethel,0
Bettens­Schweiz,0
Bettenwarfen,1
Bettweisen?,1
Bettwyl,1
Betzdorf,1
Betzingen,2
Beuel,0
Beuggen,1
Beuren,1
Beuron,1
Beutelsbach,2
Beuthen,3
Beutig Doebeln,1
Bevensen,1
Bex,0
Beyendorf,0
Biala­Österreich,1
Biatra?,1
Biberach,12
Biberach a.d. Riß,1
Biberachzell,1
Biberfeld,1
Bibersohl,1
Biblith i. Hinterpommern,1
Bichel,1
Bichishausen,1
Bickelsberg,1
Bicken-Mittenaar,0
Biebrich,1
Biebrich a.Rh.,1
Biechelbach,1
Biegen,1
Biel,1
Bielefeld,8
Bielsk,0
Bienenbüttel,1
Bienne,1
Biestow,0
Bietigheim,9
Bietow,0
Billigheim,1
Billmerich,1
Bingen,0
Binow,1
Binswangen,0
Binzwangen,3
Biolsterup?,1
Birkenfeld,4
Birkthälen,1
Birmendorf,1
Birmingham­England,2
Birnbaum,1
Birrwyl,1
Birstein,1
Bischoffszell,1
Bischofszell,1
Bishops,1
Bislich,1
Bissingen,2
Bissingen a.d. Enz,2
Bissingen a.E.,1
Bistritz,5
Bistriz,1
Bitschweiler-Thann,1
Bitterfeld,4
Bitzfeld,1
Bixschoote,0
Blankenburg,1
Blankenburg a. Harz,1
Blankenburg a.S.,0
Blankenburg i. Harz,0
Blankenburg i. Thüringen,0
Blankenese-Hamburg,0
Blaubeuren,13
Blaufelden,4
Blaumhöfen,1
Bleckendorf,0
Bleidenstadt?,1
Bleischwitz,0
Blesewitz,1
Blessenbach,1
Blexen,3
Blitzenreute,1
Blochingen,0
Blockwinkel,1
Bloney-sur-Vevey­Schweiz,0
Bludenz,1
Blumenau,0
Blumenau­Brasilien,0
Blumenthal,2
BNad Kissingen,0
Bnei Berak­Israel,0
Böblingen,13
Bochold,2
Bocholt-Suderwick,0
Bochum,3
Bochum-Linden,0
Bockenem,2
Bockenheim,1
Bockhorn,1
Bodelshausen,6
Bodenrode,1
Bodenwerder,1
Bodersweier,1
Boeckweiler,1
Boelschubye in Angeln,1
Boenen,1
Boennigheim,1
Boetzingen,1
Bogaren,1
Bogdona,0
Bogtorf,1
Böhmenkirch,1
Bohn,1
Bohndorf,1
Bohnlanden,1
Boholz,1
Bois de Cheppy­Frankreich,0
Boizenburg,1
Bokern,1
Bôle,1
Bolheim,2
Bolkow,1
Boll,2
Bollschweil,1
Boltringen,1
Bombay­[Indien],1
Bombay­Indien,2
Bombay­Ost-Indien,1
Bondorf,2
Bondry,1
Bondy,1
Bonfeld,2
Bongetowo?,1
Bönigheim,1
Bonn,8
Bonn a. Rhein,1
Bonn-Bad Godesberg,0
Bonn-Bad- Gordesberg,0
Bonn-Bad-Godesberg,0
Bönnigheim,5
Bopfingen,5
Boppard,0
Boppard a.Rh.,1
Bordeaux­Frankreich,1
Bordesholm,1
Borghausen,0
Borghorst,2
Borne,0
Borne­Holland,1
Bornhagen,1
Börninghausen,1
Bornstedt,1
Borrin,1
Borssum,1
Börsum,1
Börtlingen,1
Bösingen,1
Boßwyl,1
Boston­USA,1
Botenheim,1
Bothnang,1
Botnang,1
Bottenhorn,1
Bottrop,0
Bottschow,1
Bötzingen,0
Bouchain­Frankreich,0
Boudry,1
Boxberg,1
Boytzenburg (?) i.d. Uckermark,1
Bozen,0
Brackenheim,17
Brackenheim-Meimsheim,0
Bradford,1
Brake,0
Brakel,0
Braken,1
Braller,1
Brandenburg,1
Brandenburg a.d. Havel,2
Brandenburg a.d.H.,1
Brandenburg a.H.,1
Brandeville,0
Brandhölzle Gemeindebez. Möckmühl,1
Brandshagen,1
Bräunisheim,1
Braunlage,0
Bräunrode,1
Braunsbach,5
Braunsberg,1
Braunschweig,6
Braunschweiz,0
Braunweiler,1
Bray a.d. Somme­Frankreich,0
Breckerfeld,2
Brecklum,3
Breddewarden,1
Bredebeck,0
Bredenbeck,1
Bredham­England,1
Bredow,1
Bregenz,1
Bregenz [a. Bodensee],1
Brehne,0
Breidenbach,1
Breidenfleth,1
Breit???,1
Breitenberg,1
Breitenfeld,0
Breklum,1
Brelin,0
Bremen,24
Bremen-Neustadt,0
Bremen-Riensberg,0
Bremen-Vegesack,0
Bremerhaven,1
Bremerhaven],1
Bremervörde,3
Bremgarten,1
Brenz,1
Breslau,23
Brettach,2
Bretten,4
Brettheim,0
Breunsdorf,1
Brezany­Österreich,1
Brieg,3
Brig,1
Brik?,1
Brilon,2
Brisbane,0
Bristol­England,1
Brlin,1
Brochterbeck,0
Brody,1
Brokel,1
Bromberg,8
Bromstedt,1
Bronnhaupten,1
Bronnweiler,1
Brookline,0
Brookly,1
Brooklyn,3
Brooklyn­USA,0
Brossen,1
Bruchsal,5
Brüel,1
Brugg,5
Brühl,2
Brundelund,1
Brünn,3
Brüssel,0
Brüssel­Belgien,0
Bubendorf,1
Büblikon,1
Bublitz,2
Buch,2
Buch a.d. Elbe,1
Buchakern?,1
Buchau,12
Bücheloh,1
Buchenau,1
Buchs,1
Buchsweiler i. Unterelsass,1
Bückeburg,3
Budapest­Ungarn,0
Buda-Pest­Ungarn,1
Büdesheim i.d. Wetterau,1
Büdingen,2
Buedingen,1
Buenos Aires­Argentinien,1
Buenos Aires­Südamerika,1
Buenos Ayres­[Südamerika],1
Buer-Hassel,0
Buetow,1
Bühl,1
Bühler,1
Buhlerthann,1
Bühlerthann,1
Bühlheim a. Bach,1
Bukarest,1
Bukarest­Rumänien,1
Bumsti,0
Bunde,1
Bünde,2
Bunderhee,0
Bündorf,1
Bünge,1
Bunningstedt?,1
Bunzlau,2
Buoch,1
Buochs­Schweiz,0
Büren,1
Burg,10
Bürg,2
Burg ,1
Burg a. Fehmarn,1
Burgdorf,2
Burgdorf Aarau,1
Burghaslach,1
Burgk a.d. Saale,1
Burg-Lesum,1
Bürglingenfeld,1
Burgstaedt,1
Burgstall,2
Burgsteinfurt,1
Burhawe,1
Burkhalle,1
Burladingen-Salmendingen,0
Burrweiler i.d. Pfalz,1
Bursteinfurt,1
Burton­England,1
Bürzen,2
Bürzen[,1
Büsingen,0
Bußnau,1
Büssow,0
Büsum,1
Bütow,0
Bütow i. Hinterpommern,1
Bütschwil,1
Buttenhausen,1
Buttes,1
Buttforde,1
Butzbach,1
Bützow,3
Byszow,0
Caithness­Schottlands,1
Cal,2
Calau,1
Calbe,2
Calbe a.d Saale,1
Calbe a.d. Milde,1
Calbe a.d. Saale,5
Calbe a.d. Salle,1
Calcar,2
Calcutta­[Indien],1
Calcutta­Indien,1
Calicut­Indien,1
Calikut­Ostindien,1
Callies,1
Calmbach,3
Calw,25
Calw [i. Schwarzwald],1
Camberg,1
Cambrai­Frankreich,0
Cambridge,1
Cambridge­England,0
Camburg,1
Cambuslang­Schottland,1
Camen,3
Cammerswaldau,1
Cammin,4
Campen,0
Campiranto i. Engadin,1
Cannanore,1
Cannes­Frankreich,0
Cannstatt,24
Canstein,1
Cappeln,1
Carácas­Venuzuela,1
Carlsthal,1
Carm?,1
Carolinensiel,1
Cartersville,2
Carwieden,1
Cassel,1
Cassieck,1
Castell i. Unterfranken,1
Castrop,0
Caternberg,1
Catlenburg,1
Caub,1
Cay,1
Celle,8
Celliner Berge,0
Cesarea,1
Chaco­Paraguay,0
Chalon sur Marne­Frankreich,0
Cham,1
Champagne,0
Champigny,0
Changsha Hunan­China,0
Charlotte,0
Charlottenburg,2
Charlottenthal,1
Chateau-d'Oex,1
Châtelard,1
Chaux de Fonds,1
Chaux de Fonds­Schweiz,0
Chefoo­China,1
Chemin des dames,0
Chemnitz,7
Chêne,1
Chêne-Bourgeries,1
Chester-le-Street,0
Chevroux,1
Chicago,1
Chicago­USA,0
Chiemsee,0
Chikago,1
Christgarten,1
Christiansborg­Westafrika,2
Chur,11
Chur­Schweiz,0
Churwalden,2
Chwarszcienko,1
Ciauru­Rumänien,0
Cincinnati,2
Cincinnati­USA,1
Cirkwehrum,1
Clarens,1
Claustha,0
Clausthal,2
Cleve,4
Cleveland,2
Cleverns i. Jeverland,1
Cloppenburg,1
Coblenz,6
Coburg,5
Cochstedt,1
Cockstedt,1
Coepang auf Timor,1
Coerbelitz,1
Coerlin a.P.,1
Coesfeld,1
Coeslin,2
Coethen,1
Colbe a.d. Saale,1
Colberg,2
Colbert,1
Coldwater,1
Coligny­Schweiz,0
Cölleda,1
Cöllinghorst i. Ostfriesland,1
Cölln a.d. Elbe,1
Collochau,1
Collombier[,1
Colmar,0
Colmar­Frankreich,1
Cöln,2
Colombier­Schweiz,0
Colonia Suiza­Uruguay,0
Colorado Springs,0
Colsterdale Healey Masham U.P.,0
Comrie­[Schottland],1
Comrie­Schottland,1
Cönnern,1
Cönnern a.d. Saale,1
Conoo­Indien,1
Constantinopel­[Türkei],1
Constantinopel­Türkei,1
Contwig,0
Contwig i.d. Pfalz,1
Coppenbrügge,0
Corbach,2
Cortébert,1
Cöslin,1
Coswig,1
Cotes-aux-Fes ,1
Cöthen,2
Cöthen i.d. Mark Brandenburg,1
Cottbus,3
Crailshausen [Gmd. Schrozberg],1
Crailsheim,25
Cramon,0
Cranz,0
Crefeld,1
Creglingen,6
Crempe,1
Crengeldanz-Witten,1
Crepion­Frankreich,0
Crispendorf,1
Crispenhofen,1
Crivitz,3
Croepelin,1
Crölpa,1
Crone,1
Cronenberg,1
Cronstadt,1
Croppenstedt,1
Crossen a.d. Oder,3
Culm a.W.,1
Cülte,1
Cunnersdorf,1
Cupar-Jife­Schottland,1
Curckensdorf?,1
Curland,1
Cusel i.d. Pfalz,1
Cuxhafen,1
Cuxhaven,1
Czinkota­Ungarn,1
Daber,2
Dabernn,1
Dabrun,0
Dachrieden,1
Dachtel,1
Dadizeele­Belgien,0
Dagö-Keinis­Russland,1
Dahl,1
Dahlen,1
Dahlerbrück,1
Daisbach,1
Dalherda,1
Dalum,1
Damgard,1
Damgasten? i.P.,1
Damme,1
Dammendorf,0
Dankoltsweiler [Gmd.Jagstzell],1
Dannenberg,1
Dannigkow,1
Dannstadt i.d. Rheinpfalz,1
Danzig,13
Dargau,1
Darkehmen,1
Darmstadt,6
Darmstadt-Beßungen,1
Darnsheim,1
Dauelsen,1
Davos,2
Davos Platz,2
Davos-Platz,1
Davos­Schweiz,0
Debreczin­Ungarn,1
Debrunnen,1
Deckbergen,1
Dedeleben,1
Dedemsvaart­Holland,1
Dedersdorf,1
Dederstedt,0
Deensen,2
Deesdorf,0
Degerloch,0
Deggendorf,0
Deggingen,0
Dehrn,1
Deichshauen,1
Deilingen,1
Delaware,0
Delbrück,1
Delitzsch,2
Delmenhorst,3
Delsberg,1
Dembsk­Polen,0
Demmin,3
Demmin],1
Den Haag­Niederlande,0
Denkendorf,2
Denkingen,0
Denzlingen,0
Deppenhausen [Gmd. Kirchen,1
Derben,0
Derendingen,1
Dessau,8
Detmold,3
Detmold-Hiddesen,0
Detroit­USA,0
Dettenhausen,3
Dettingen,7
Dettingen a. Albuch,0
Dettingen a.d. Erms,1
Deuchelried,1
Deufringen,2
Deutsch-Crone,2
Deutz,1
Deyelsdorf,0
Dhünn,1
Diedelsheim,1
Diedesheim,1
Dielkirchen i.d. Rheinpfalz,1
Diepholz,2
Dießenhofen,1
Diestelbruch,1
Dietenheim,3
Dietenheim a.d. Iller,1
Dietenheim-Iller,0
Dietersdorf a. Harz,1
Dietersweiler,0
Diethardt,1
Dietingen,1
Dietlingen,1
Dietwil,1
Dietz a.d. Lahn,1
Diez,4
Diez a.d. Lahn,1
Dill,1
Dillborn,0
Dillenburg,5
Dillingen,2
Dill-Weißenstein,1
Dingelstedt a. Huy,0
Dinkelsbühl,1
Dinkslaken,1
Dirmingen,2
Dischingen,1
Disentis,1
Ditterswied,1
Dittichenrode,1
Ditton Hall­England,0
Ditzingen,1
Dixnuiden,0
Dizingen,1
Dlottowen,1
Dmbrevon,1
Dobberphul,1
Dobel,2
Döbeln,3
Doberan,0
Doberum,1
Dobrilugk],1
Dobrzyniow,0
Dockenhuden,0
Dodendorf,0
Doemitz,1
Doernberg,1
Doettingen,1
Döffingen,2
Dölgesheim,1
Döllstedt,0
Dolomiten,0
Domaine Barten,1
Domäne Altenburg,1
Dommitzsch,1
Donaueschingen,3
Donaustetten,1
Donauwörth,0
Donnstetten,1
Donon i.d. Vogesen,0
Donstetten,1
Donzdorf,1
Dorfkemmathen,1
Dorfmeckingen,1
Dormettingen,1
Dornach,1
Dornberg,1
Dörnberg a.d. Lahn,0
Dornburg,1
Dorndorf,1
Dornham,2
Dornhan,2
Dornholzhausen,1
Dornstetten,1
Dorpat,1
Dorpat­Estland,0
Dorpat­Livland,1
Dorpat­Russland,2
Dorste,0
Dorsten,1
Dortmund,6
Dortmund-Mengede,0
Dorum,3
Dörzbach,3
Dossenbach,0
Dötlingen,1
Dottingen,0
Döttingen,2
Döttingen a. Kocher,1
Dozndorf,1
Dozwil,0
Drebber,1
Dreden,0
Drense,1
Dresden,14
Dresden-Weißer Hirsch,0
Dreslincourt­Frankreich,0
Drevenack a.d. Wesel,0
Driesen,1
Drochtersen,1
Drohndorf,1
Drosedow,1
Drusewitz,1
Düben,1
Dublin­Irland,0
Duchally­Schottland,1
Ducherow,1
Düderode,1
Dühren,1
Duisburg,1
Duisburg [a. Rhein],1
Duisburg-Meiderich,0
Duliken,1
Dülken,1
Dülmen,3
Dünaburg,1
Dundee­Schotland,1
Dundee­Schottland,2
Dunoom­Schottland,1
Dünsbach,1
Duntzenheim,1
Dünzbach,1
Dunzendorf,1
Düppel,1
Dürbheim,1
Düren,3
Dürkheim a.H.,1
Dürkheim i.d. Pfalz,1
Durlach,5
Dürmentingen,1
Dürmenz,1
Dürmenz-Mühlacker,1
Dürrenberg,1
Dürrenwaldstetten,1
Dürrenzimmern,2
Dürrmenz,4
Dürrmenz Mühlacker,1
Dürrmenz-Mühlacker,1
Dürrn,1
Dürrwangen,1
Düshop,0
Düsseldorf,16
Düsseldorf a. Rhein,1
Düsseldorf-Düsseltal,0
Düsseldorf-Kaiserwerth,0
Duttenstedt,1
Düttingdorf,1
Duvin,1
Dykhausen,1
Ebenezer­Südafrika,1
Ebenweiler,1
Eberbach,3
Eberbach a.N.,1
Eberhardszell,1
Eberhardzell,1
Ebern,1
Ebersbach,1
Ebershardt,1
Eberswalde,2
Eberswald-Finow,0
Ebingen,7
Ebnat,2
Ebsdorf,0
Ebstorf,1
Echte,1
Echterdingen,1
Eckartsberga,2
Eckernförde,0
Eddigehausen,0
Edea­Kamerun,0
Edelfingen,2
Edenburg,1
Edenkoben,2
Edenkoben i. Rheinbaiern,1
Edermannsdorf,1
Edgartown­USA,1
Edinburg,1
Edinburgh[,1
Edinburgh­Schottland,5
Edinburghshire­Schottland,1
Edinburg­Schottland,0
Edingen,0
Effringen,2
Efringenn,1
Egestorf,0
Eggenstedt,0
Eggenstein,1
Eggenwyl,1
Eggstädt,0
Eglisau,1
Eglofs,1
Egnach,1
Egolsheim,1
Egstedt,0
Ehingen,13
Ehingen a.d. Donau,2
Ehningen,3
Ehrenbreitstein,1
Ehrenbreitstein a.Rh.,1
Ehrenfels,1
Ehrenfriedrichsdorf,2
Ehringsdorf,1
Eibensbach,1
Eibensdorf?,1
Eibingen,1
Eichelhütte,1
Eichstätt,0
Eichstetten,1
Eickeloh,1
Eickendorf,1
Eiderstedt,1
Eifel,0
Eigaltingen,1
Eigeltingen?,1
Eigenrieden,1
Eilenburg,1
Eilhausen,1
Einbeck,1
Einöd a.d. Saar,0
Einsiedeln,3
Einweiler,1
Eisenach,3
Eisenberg,2
Eiserfeld,1
Eisfeld,1
Eisleben,2
Eislingen,1
Eislingen-Göppingen,1
Eitzendorf,0
Ekenäs­Finnland,1
Elberfeld,13
Elbing,5
Elbingerode,1
Elbitz,1
Elburg­Holland,1
Eldagsen,1
Elend i. Harz,0
Elgersburg,2
Elgg,2
Elgin­Schottland,1
Elingerode,1
Elisabeththal,1
Elk Ridge­USA,0
Ellar,1
Ellenberg,0
Ellerrieden,1
Ellmansweiler,1
Ellmendingen,0
Ellwangen,68
Ellwangen a.d. Jagst,0
Elmlohe,1
Elmshorn i. Holstein,1
Elmstein,2
Elpersheim,2
Elsdorf,1
Elster,0
Elsterberg,0
Eltingen,3
Eltville,1
Eltville a. Rhein,1
Elwangen,0
Elze,1
Emden,5
Emden i. Ostfriesland,1
Emershausen,1
Emersleben,1
Emishofen,2
Emleben,0
Emmendingen,1
Emmerich,1
Emmishofen­Schweiz,0
Empfingen,0
Ems,1
Ems a.d. Lahn,1
Ende,1
Endersbach,0
Enge,1
Engen,1
Enger,1
Enge-Zürich­Schweiz,0
Engstlatt,3
Eningen,5
Eningen a.d. Achalm,1
Eningen u.A.,0
Enkirch,0
Ennabeuren,2
Ennetbühl,1
Ens,1
Ensingen,2
Enslingen,1
Entzheim,1
Enzberg,1
Enzklösterle,1
Enzweihingen,1
Eperies­[Ungarn],1
Epinal,1
Epinal en Vosges,1
Eppelsheim,1
Eppingen,2
Erbach,2
Erbach a. Rhein,0
Erbach i. Odenwald,0
Erbolzheim,1
Erdmannhausen,1
Erdmannhausn,1
Erdmannshausen,1
Erfurt,10
Ergenzingen,4
Erisried,1
Erkelenz,1
Erkenbrechtsweiler,2
Erlach,1
Erlaheim,1
Erlangen,7
Erlenbach,2
Erlenhof i. Zug,1
Ermershausen,1
Ermschwerd,0
Ermsleben,0
Ernsbach,1
Erpfingen,2
Ertingen,1
Erxleben,1
Eschach,0
Eschelbach,2
Eschenau,6
Eschental,1
Eschholzmatt,1
Escholzmatt,2
Eschwege,1
Eschweiler,0
Esens,2
Eslohe,1
Espirito Santo­Brasilien,0
Essen,12
Essen a.d. Ruhr,2
Essen-Altendorf,1
Essen-Steele,0
Essershausen,1
Essingen,3
Essingen i.d. Rheinpfalz,1
Esslingen,57
Esslingen a.N,0
Esslingen a.N.,4
Esslingen-Kenneburg,0
Esslingen-Kennenburg,0
Eßratsweiler,2
Estorf v. Nienburg,1
Eton,0
Ettenhausen,2
Ettenheim,0
Ettlingen,1
Etzikon,1
Eubenstock,1
Eubigheim,0
Eupen,1
Eupen­Belgien,0
Eußerthal,1
Eutin,6
Eutingen,1
Evanston,0
Evansville,0
Eversen,0
Exeter,0
Eyb i. Mittelfranken,1
Eybach,2
Eyrichshof,1
Eystrup,0
F. Torja,1
Fachsenfeld,2
Fahrenholz,1
Fahrgaard,1
Falken,0
Falkenburg,3
Falkenhagen,1
Falkenhorst,1
Falkenstein,1
Falkenwalde,1
Falkirk­Schottland,1
Falkland,1
Fallersleben,2
Fangelsbach,0
Fargo,0
Fasanerie Hardtle,1
Faßmacherhof,1
Faurndau,1
Fechenheim,1
Feckenhausen,0
Feibrg i.Br,0
Feiburg i.Br.,0
Feldhausen,0
Feldlazarett,0
Feldlazarett Ledeghem,0
Feldorf,1
Feldstetten,1
Felka i.d. Zips­Ungarn,1
Fellbach,3
Felldorf,2
Fellingshausen,0
Fere en Tardois­Frankreich,0
Fessenheim,1
Feuerbach,2
Fichtenberg,0
Fiddichow,1
Filehne,1
Finkenbach,1
Finkenkrug,0
Finkenwalde,0
Finnland,0
Finsterwalde,1
Fischbach,2
Fischerhude,0
Fischhausen,1
Fisibach,1
Flaach,1
Flacht,1
Flamersheim,1
Flandern,0
Flatow,1
Flawil,1
Flaxlanden,0
Flechtdorf,1
Flein,3
Fleinheim,1
Fleischwangen,0
Fleißbach,1
Flensburg,4
Flesnburg,1
Fleurier,1
Flieden,1
Flims-Waldhaus,0
Flintbeck bei Kiel,1
Flinth,1
Flirey,0
Flirey­Frankreich,0
Floeheim,1
Florenz­Italien,0
Flötnig,0
Flözlingen,1
Fluntern,0
Fluntern­Schweiz,0
Fluorn,1
Focsani­Rumänien,0
Fontainemalon,1
Forbach,1
Forchtenberg,6
Förderstedt,1
Forgne­Schottland,1
Fornet,1
Forst,1
Forsthaus Kuckuckuk,1
Foucaucourt-Traucourt-Sommaisne,0
Foucaucourt-Triaucourt-Smmaisne,0
Franfurt a.d. Oder,1
Frankenberg,1
Frankenberg. i.S.,1
Frankenhausen,2
Frankenheim,1
Frankenstein,1
Frankenthal,1
Frankenthal i.d. [Rhein-]Pfalz,1
Frankenthal i.d. Pfalz,2
Frankfurt,1
Frankfurt a. Main,8
Frankfurt a.d. Oder,6
Frankfurt a.M,3
Frankfurt a.M.,11
Frankfurt am Main,1
Frankreich,0
Frauenfeld,4
Frauenfeld­Schweiz,0
Frauenzimmern,3
Fraunstadt,2
Fraustadt,2
Frechen,0
Freden,1
Frederik VII Koog,1
Fredersdorf,1
Freeport,1
Freetown,1
Fregenstein,1
Freiberg,5
Freiburg,4
Freiburg  i.Bt.,0
Freiburg a.U.,1
Freiburg i.Br,0
Freiburg i.Br.,3
Freiburg-Haslach,0
Freienhagen,1
Freienwald a.d. Oder,2
Freinsheim,1
Freintrop,1
Freirechdorf?,1
Freising,0
Fremdingen,1
Fremmersbach,1
Freren,2
Fretzdorf,1
Freudenstadt,25
Freudenthal,10
Friebel,1
Friedberg,1
Friedeberg,1
Friedeberg i.d.N.,1
Friedeburg a.d. Saale,1
Friedland,3
Friedrich-Augusten-Greden?,1
Friedrichroda,0
Friedrichshafen,6
Friedrichshall,1
Friedrichsroda,0
Friedrichstadt,2
Friedrichstadt a.d. Eider,1
Friedrichstal,0
Friedrichsthal,2
Friemen,1
Friemersheim,2
Friesack,1
Friesack i.d. Marck,1
Friesack i.d. Mark,1
Friesenheim,1
Friesoythe,1
Friolzheim,1
Fritzow,1
Fritzwalk,1
Fröhlichen-Wiederkunft,1
Fromelles,0
Frömern,2
Frommenhausen,1
Frommern,2
Fröndenberg,1
Frontenex,0
Frstt. Sigmaringen,1
Frutigen­Schweiz,0
Fülldorf,1
Funchal auf Madeira P.,0
Fürfeld,2
Fürstenau,1
Fürstenberg,2
Fürstenfeldbruck,0
Fürstenwerder,1
Fürth,1
Fürth i. Mittelfranken,1
Gablenberg,1
Gadderbaum,1
Gadebuch,1
Gadenen,1
Gaggenau,1
Gaggstadt,1
Gagstadt,1
Gaienhofen,0
Gaildorf,22
Gailenkirchen,1
Gais,2
Gaisburg,2
Galizien,0
Gallipoli­Türkei,0
Galveston,1
Galveston­Texas,1
Galway­[England],1
Gambier,0
Gammelgab i. Schleswig,1
Gammertingen,0
Gammesfeld,1
Ganderkesee,0
Gandersheim,1
Gangelt,1
Ganglof,1
Gardelegen,3
Gardelegen i.d. Altmark,1
Garding,1
Gargellen,0
Garmisch-Partenkirchen,0
Garnberg,1
Garrweiler,1
Garschagen,1
Gärtringen,1
Garz,1
Gash?,1
Gassenorf i. Niederschlesien,0
Gastenfelden,1
Gatterstaedt,1
Gaualgesheim,1
Gebersheim,1
Gebesee,1
Gechingen,1
Gedauen,1
Geegenhausen?,1
Geestemünde,1
Gefell,2
Gehren,1
Geilenkirchen,1
Geiselhörin,0
Geislingen,14
Geislingen a.d. Steige,3
Geißelhardt,1
Geißlingen,10
Geißlingen a.d. Steige,2
Gelbingen,1
Geldern,1
Gelen,1
Gellmersbach,1
Gelsenkirchen,1
Gemmerich,1
Gemünd,1
Gemünden,1
Genf­[Schweiz],5
Genf­Schweiz,5
Gengenbach,1
Genkingen,1
Gennin Warthebruch,1
Genthin,2
Genua­Italien,1
Geolong­Australien,0
Georgenberg i. Oberschlesien,1
Georgense,0
Georgenthal,0
Georgsdorf,0
Georgsmarienhütte,0
Gera,3
Gerabronn,2
Geradstetten,1
Gerbstaedt,2
Gerbstedt,2
Gergersdorf,1
Gerlachsheim,1
Gerlingen,0
Germersheim,1
Germersheim i.d. Pfalz,1
Gernrode,0
Gernrode a. Harz,1
Gernsbach,5
Gernsbach [i. Murgtal],1
Gersfeld,0
Gerstetten,1
Gerthin,1
Gerzensee,1
Gesecke,1
Geseeke,1
Geseke,1
Gettorf,1
Gettorff,2
Gevelsberg,0
Geversdorf,1
Geyer,1
Ghetto Theresienstadt,0
Gibeon,2
Gibraltar,0
Gieboldehausen,1
Gieboldshausen,0
Giengen,6
Giengen a.d. Brenz,3
Giersleben,1
Giessen,5
Gifhorn,3
Gilgenburg,1
Gilmerdingen,1
Gimmel,1
Gingen,0
Gingins,1
Giswyl,1
Gladau,1
Gladbach,1
Gladenbach,1
Glaris,1
Glarus,2
Glarus­[Schweiz],1
Glasgow­[Schottland],1
Glasgow­England,1
Glasgow­Schottland,5
Glaßhagen,1
Glatz,2
Gleiwitz,1
Gleschendorf,1
Glindfeld,1
Globig,0
Glogau,3
Gloncestershire­England,1
Glosber,1
Glowitz,1
Glücksburg,0
Glückstadt,4
Gmünd,14
Gmünd i.K.,1
Gmunden­Österreich,0
Gnadau,1
Gnadenfeld,1
Gnadenfeld i. Oberschlesien,2
Gnadenfrei,1
Gnadental,1
Gnesen,1
Gnoien,2
Godesberg,0
Godesberg-Rüngsdorf,0
Goeda,1
Goenningen,1
Goeppingen,1
Göes,1
Goggenbach,1
Gohren,1
Goldach,1
Goldberg,0
Goldburghausen,1
Goldenstadt,1
Goldenstedt,1
Golding[,1
Goldingen,1
Golling,1
Göllnitz,1
Gollnow,2
Golssen,2
Golssen i.d. Niederlausitz,1
Gomadingen,1
Gondelsheim,0
Gönningen,2
Gonsoirowo­russ. Polen,1
Gontenschwyl,1
Göppingen,26
Göppingen-Faurndau,0
Göppingenn,0
Gorlice­Polen,0
Görlitz,3
Görwihl,1
Gorze,0
Gosheim,1
Goslar,2
Goslar a. Harz,1
Gossenzugen,1
Gotha,5
Göthenburg­Schweden,1
Göthewitz,1
Gotteszell,2
Göttingen,13
Goutenschwil,1
Gouv. Grodno­Russland,1
Gr. Ballerstedt,1
Gr. Bartelsdorf,1
Gr. Flottbeck,0
Gr. Glogau,2
Gr. Gögau,1
Gr. Lafferde,1
Gr. Rambin,1
Gr. Salitz,1
Gr. Salze,2
Gr. Schwarzlosen,1
Gr. Timmendorf,1
Gr. Tzschacksdorf,1
Gr. Vielen,1
Gr. Wanzleben,1
Gr. Zirkwitz,1
Gr[oß] Krausnigk,1
Gr[oß] Mühlingen,1
Gr[oß]-Schlönwitz,1
Grabenstetten,1
Grabow,3
Grabow­Polen,0
Grabs,1
Graefenhagen,1
Grafenberg,1
Gräfendorf,1
Grahlenstein,1
Gramenz,2
Grandchamp?,1
Grandson,1
Gransee,2
Gransee i.d. Mark Brandenburg,1
Grantown­Schottland,1
Gratina­Polen,1
Graudenz,1
Gravenstein,0
Gravois,1
Graz,0
Graz­Österreich,0
Great Falls,0
Greenocle­Schottland,1
Greetsyhl i. Ostfriesland,1
Grehnde,1
Greifenberg,4
Greifenstein,1
Greiffenberg,1
Greiffenhagen,1
Greifswald,4
Grellingen,1
Gremblin,1
Gremsmühlen,0
Grensbach,1
Grenzach,0
Grenzhausen,1
Gretenberg,1
Greußen i. Thüringen,1
Greven,1
Grevesmühlen,1
Grewesmühlen,1
Grieben i.d. Altmark,0
Griebow,1
Griethausen,1
Grima,1
Grimma,1
Grimmau,1
Grimmen,2
Grindelsheim i. Rheinbayern,1
Grindelwald,0
Gröbersdorf,0
Gröditz,1
Grombach,1
Grömbach,1
Gromersheim,1
Gronau,1
Gröningen,2
Groothusen,1
Gröpelingen,0
Groppendorf,0
Grosbottwar,1
Gross Altdorf,1
Groß Glogau,1
Gross Höchstetten,1
Groß-Ahrenshöft,1
Großallmerspann,1
Großaltdorf,1
Großaltorf,1
Groß-Apenburg,1
Großaspach,2
Großbottwar,7
Groß-Bottwar,0
Groß-Breese,1
Großbreitenbach,1
Großbritannien,0
Großburgwedel,0
Großdirnbach,2
Großefehn,1
Groß-Eicholzheim,1
Groß-Elbe,1
Großelfingen,3
Großenbehringen,0
Großen-Gottern i. Thüringen,1
Grossenhain,4
Großgartach,2
Groß-Gerau,1
Großglattbach,1
Gross-Glogau a.d. Oder,1
Groß-Herzberg,1
Großingersheim,0
Groß-Ingersheim,1
Groß-Küssow,1
Groß-Langhaus,0
Großlichterfelde,0
Großosterhausen,0
Groß-Ottersleben,0
Groß-Rossau,0
Großsachsen,0
Großsachsenheim,2
Groß-Sachsenheim,4
Groß-Salze,1
Groß-Schwarzlosen,1
Groß-Schwarzlosen i.d. Altmark,1
Groß-Schwechten,1
Groß-Strelitz,0
Groß-Süßen,2
Groß-Umstadt,1
Groß-Wanzleben,1
Großwinternheim,1
Gross-Zekelvitz,1
Grotegast,0
Grothe,1
Grottkau,3
Grötzingen,2
Grözingen,1
Grub?,1
Gruibingen,2
Grunau­Südrussland,1
Grunbach,0
Grünbach,2
Grünberg,0
Gründelhardt,1
Grundsheim,0
Grüneberg,1
Grunewald,0
Grünheide,0
Grüningen,1
Grünkraut,0
Grunow,1
Grünstadt,1
Grünstadt i. Rheinbayern,1
Grünstadt i.d. Rheinpfalz,1
Grünthal,3
Grünwettersbach,0
Grunzheim,1
Grüsch,2
Grüssow,1
Gryon,0
Gschlachtenbretzingen,1
Gschwend,2
Guarda,3
Guarrenburg,1
Guben,4
Guben i.d. Niederlausitz,0
Gudbrandsdalen­[Norwegen],1
Gudensberg,1
Gudersleben i. Harz,0
Guggisberg,1
Güglingen,5
Gültlingen,1
Gültstein,2
Gumbinnen,4
Gumbsweiler,1
Gummersbach,0
Gündelbach,2
Gundelsheim,1
Gundelsheim a.N.,0
Gündringen,1
Günfelbach?,1
Günterberge hzgl. anhaltinische Domäne i. Harzgebirge,1
Günzburg,1
Günzburg a.d. Donau,1
Gusow,1
Gussenstadt,2
Gustorf,1
Güstrow,1
Güstrow],1
Gut Adenroth,1
Gutach,0
Gütbach,1
Gutenberg,3
Güterloh,1
Gütersloh,4
Guttenberg,2
Gützkow,1
Gzsál­[Ungarn],1
Haan,1
Habana­Kuba,1
Habsthal,1
Hachenburg,0
Hachtel,1
Häcklingen,1
Hackpfüffel,1
Hackpfüffel i. preußisch Thüringen,1
Hadermaschen i. Holstein,1
Hadersleben,1
Haderslev,0
Hage,1
Hagelloch,1
Hagen,3
Hagenbach,0
Hagenow,4
Hägglingen,2
Hahlen,1
Hahnenklee-Bockswiese i. Oberharz,0
Hahnstaetten,1
Haidhof,1
Haiger,1
Haigerloch,8
Haigerloch-Gruol,0
Haimar,1
Hainsberg,1
Haisterkirch,2
Haiterbach,1
Hakeborn,1
Hakenmühle,1
Hakenstedt,0
Halbau,1
Halberstadt,12
Halbestadt,1
Halderau,1
Halensdorf,1
Half Morlon­Schottland,1
Halfmorlon­Schottland,1
Hall,16
Hallau,2
Halle,5
Halle a.d. Ems,1
Halle a.d. Saale,14
Halvar,1
Halver,2
Hamberge,1
Hambirg,0
Hambrechdikon,1
Hamburg,41
Hamburg-Altona,0
Hamburg-Bergedorf,0
Hamburg-Einsbüttel,1
Hamburg-Hohenfelde,1
Hamburg-Wandsbeck,0
Hameln,6
Hameln a.d. Weser,2
Hamm,1
Hamm a.d. Lippe,1
Hamm a.d. Sieg,1
Hammermühle,1
Hammersmith­[England],1
Hammerstadt,1
Hammerstein,1
Hamnburg,0
Hampton Wick­England,0
Han. Münden,1
Hanau,6
Handschuhsheim,0
Hanerau,1
Hänigsen,1
Hannover,29
Hannover-Kleefeld,0
Hannoversch Münden,0
Hanweiler,1
Harburg,3
Harburg a.d. Elbe,0
Hardegien,1
Harderode,1
Hardheim,1
Hardthausen a.d. Fildern,1
Harlo,1
Harpstedt,1
Harrndorf,1
Harsefeld,3
Harsewinkel,0
Harsfeld,1
Hart,2
Harten,1
Harthausen,2
Hartmannsweilerkopf,0
Hary,1
Harzburg,0
Harzgerode,2
Hasberg,1
Hasbergen,3
Hasenpot,1
Hasenpoth,1
Hasloch i. Kinzigtal,1
Haßfurt,1
Hatshausen,0
Hattenbach,1
Hattgenstein,1
Hattingen,3
Haukensbüttel,1
Hauptweil,1
Hauptwil­Schweiz,0
Haus Füchten,1
Haus Kannen,1
Haus? Venauen,1
Hausen,1
Hausen a. Thann,1
Hausen a.d. Ach,1
Hausen a.d. Lauchert,1
Hausen a.R.,1
Hausen i.W.,1
Hausen im Thal,1
Hausen o.V.,1
Hausen ob Werena,1
Hausham,0
Haustenbek?,1
Havelberg,1
Havighorst,1
Hayingen,2
Hechingen,9
Hecklingen,0
Heddernheim,0
Heddesheim,1
Hedelfingen,2
Hedelsbach,1
Hedeper,0
Hedmorn­Schweden,1
Heeren,1
Heersum,0
Heeslingen,1
Heftrich?,1
Hegenlohe,2
Hegnach,1
Hegne a. Bodensee,0
Heide,2
Heidelberg,21
Heidelberg-Neuenheim,1
Heidelberg-Rohrbach,0
Heiden,1
Heiden[Kt. Appenzell­Schweiz],1
Heidendorf,0
Heidenheim,9
Heidenheim a.d. Brenz,2
Heidenheim a.d. Brenz-Schnaitheim,1
Heidenheim-Großkuchen,0
Heidhausen,2
Heilbronn,37
Heilbronn a.N.,2
Heilgenfelde i.d. Altmark,1
Heilgigenberg,1
Heiligen,0
Heiligenberg,2
Heiligenbronn,1
Heiligensee,0
Heiligenstadt,4
Heiligenwald,1
Heiligkreuzthal,1
Heilig-Kreuzthal,1
Heilsbronn i. Mittelfranken,1
Heimbach-Weiß,1
Heimerdingen,1
Heimsen,1
Heimsheim,2
Heimthal,2
Heiningen,1
Heiniz-Polder,1
Heinrichswalde,1
Heinsen,0
Heinzelberg,1
Heitesheim,1
Heldenfingen,0
Heldrungen,0
Heldsdiorf,1
Helenowek­Polen,0
Helfesschwil,1
Helgoland,0
Helmarshausen,0
Helmstedt,5
Helsinki,0
Helsinki­Finnland,0
Heltau,1
Hemigkofen,1
Hemmenthal,1
Hemmingen,3
Hengen,1
Hennstedt,2
Heppbach,1
Heppenheim,0
Heppenheim a.d. Bergstaße,0
Heppens,2
Heppens-Wilhelmshafen,1
Herbertingen,1
Herblingen,1
Herbolzheim,1
Herborn,5
Herbrechtingen,2
Herbrum?,1
Herbsthausen,1
Herdecke,0
Herford,1
Herfort,1
Hergiswyl,1
Héricourt,1
Heringsdorf,0
Herisau,2
Herkingen,1
Herlishöfen,1
Hermannstadt,2
Hermdorf,1
Hermnaringen,0
Hermoupolos­Griechenland,1
Hermsdorf,0
Hernals,1
Herne,2
Heroldsberg,1
Herpf,1
Herrenalb,7
Herrenberg,16
Herrenberg?,0
Herrenzimmern,1
Herrliberg,1
Herrmann,1
Herrmannsacker,0
Herrnburg,1
Herrndorf,1
Herrnhut,1
Hersching a. Ammersee,0
Hersheim,1
Hertingen,0
Herzberg,2
Herzberg a.d. schwarzen Elster,1
Herzberg am Harz,1
Herzhorn i. Holstein,1
Herznach,1
Herzogenrath,1
Hesdorf,1
Hesedorf,1
Heslach,0
Hessen,1
Hessisch-Oldendof,1
Hestrup,0
Hete Sas,0
Hetschenhof,1
Hettensen,1
Hettstedt,1
Heubach,1
Heuchlingen,1
Heulle,1
Heumaden,1
Heutigsheim,1
Heutingsheim,3
Hiefern,1
Hilchenbach,0
Hildburghausen,0
Hildesheim,14
Hildrizhausen,0
Hildsheim,0
Hillersleben,0
Hillview Cottages,0
Hilten,0
Hilzingen,1
Himmelpforten,1
Himmelsthür,1
Hinterweidenthal,1
Hirsau,2
Hirschau,1
Hirschberg,4
Hirschberg i. Schlesien,0
Hirschlanden,2
Hirschthal,3
Hissigheim,1
Hitzacker,2
Hoboken,1
Hoburg v.d. Höhe,1
Hochberg,2
Hochdorf,3
Hochemmerich,1
Höchenschwand,0
Hochheim,1
Höchst,1
Höchst a.M.,1
Hochzehren,1
Hockenheim,1
Hoehnlohe-Hütte,1
Hoevelfingen,1
Hoevelhof,1
Hof,2
Hof Ackerbach,1
Hof Goldstein,1
Hof Stricken,1
Hofen,2
Höfen,2
Höfen a.d. Enz,0
Hoffenheim,1
Hoffstett,1
Hofgastein,0
Hofgeismar,0
Hofgut Konradsdorf,1
Hofherrweiler,1
Höfingen,1
Hohebach,2
Hohen Wittlingen,1
Hohenacker,1
Hohenaltheim,1
Hohen-Asberg,1
Hohenaspe,1
Hohenasperg,3
Hohenberg,2
Hohenbuch,1
Hohendodeleben,0
Hoheneck,2
Hohenegg,1
Hohenfelde,1
Hohenhaslach,1
Hohenhasloch,1
Hohenheim,5
Hohenhenningen,1
Hohenkarzi,0
Hohenkirchen,0
Hohenlimburg,0
Hohen-Memmingen,1
Hohenmölsen,1
Hohenrainerhof,1
Hohenrechberg,1
Hohenrein,1
Hohenstadt,5
Hohenstaufen,1
Hohenstein­Polen,0
Hohentrins,1
Hohentwiel,1
Hohen-Viecheln,1
Hohenwarsleben,2
Hohnacker,1
Höhr,2
Hoidding,1
Höingen,1
Hoisdorf,0
Holland,0
Hollen,1
Hollenbach,1
Holmberg?,1
Holonsche Wildnis,1
Holpe,0
Holstein,2
Hölstein,1
Holsteindorf,1
Holten,1
Holtorf,0
Holywood,1
Holzelfingen,0
Holzgerlingen,2
Holzhausen,2
Holzheim,0
Holzklau,1
Holzmaden,1
Holzminden,3
Holzweißig,0
Homberg,2
Homberg a. Niederrhein,0
Homberg a. Rhein,1
Homburg i.d. Pfalz,1
Homburg i.d. Rheinpfalz,2
Homburg v.d. Höhe,1
Homburg v.d.H.,1
Honau,1
Hönigsdorf,1
Honnecourt,0
Honnef,0
Honolulu,0
Hooglede,0
Hoogstede,1
Hooksiel,3
Hopedale,1
Hopfau,3
Hoppenstedt,0
Horb,15
Horb a.N.,1
Horgen,1
Horgenzell,0
Horlachen,1
Horn,1
Hornberg,2
Hornißen,1
Hornußen,1
Horowitz,1
Horrheim,2
Horsten i. Ostfriesland,1
Hörstgen,1
Horum i. Jeverland,1
Hörvelfingen,1
Hörvelsingen,1
Horw,1
Hossenhaus-Höhnlein,1
Hottingen,0
Housedale,1
Houston,1
Hovel,1
Hovestedt,1
Höxter,0
Hoya,3
Huatusco­Mexiko,1
Hubbelrath,1
Hudderfields,0
Hude,0
Hüffelsheim,1
Hüffenhardt,0
Hugsweier,0
Hühlen,1
Huje,1
Huldstetten,1
Hulftegg,1
Hundersingen,4
Hundlosen,1
Hundwyl,1
Hünfeld,1
Hunoldweiler?,1
Hünshofen,1
Huntlosen,1
Hürbel,1
Hussenhofen,0
Husum,1
Hütten,1
Hüttenreuthe,1
i.d. Argonnen,0
i.d. Vogesen,0
i.d. Vogesen­Frankreich?,0
Ibbenbuhren,0
Ichenhausen,2
Ichenheim,1
Ichtershausen,1
Iden,1
Idensen,0
Idheim,1
Idstedt,0
Iggelbach i.d. Rheinpfalz,1
Igis,1
Ihlewitz,1
Ihringen,1
Ilan,1
Ilanz,1
Ilberstedt,1
Ilessen,1
Ilfeld,0
Illenau,1
Illerrieden,0
Illertissen,0
Illmenau,0
Ilmenau,0
Ilow­Polen,0
Ilsenburg a. Harz,3
Ilsenburg i. Harz,1
Ilsfeld,4
Ilshofen,1
Ilten,0
Ilzhofen,3
im KZ Lublin­Polen,0
im Lazarett Dadizeelen,0
Immenstaad am Bodensee,0
Immerwarfen i. Jeverland,1
Immichenhain,1
Immingstedt,1
Immnau,1
Imnau,0
in Marsberg-Westheim,0
in Putbus a. Rügen,0
in Remscheid,0
in Schötmar,0
Indianapolis,2
Ingelfingen,2
Ingelfingen a. Kocher,1
Ingenbohl­Schweiz,0
Ingolstadt,2
Injesul­Kleinasien,1
Inner-Arose,0
Innsbruck,2
Inowoazlaw?,1
Insel Nordstand,1
Insenhausen,1
Insterburg,5
Interlacken([Schweiz],1
Iowa City­USA,0
Ipsheim i. Mittelfranken,1
Iptingen,1
Iquique­Chile,1
Iringa,0
Irmelshausen,1
Ischl­Österrecih,0
Iserlohn,5
Isernhagen,0
Isny,8
Isny ?,0
Isny i. Allgäu,0
Ispringen,0
Ittenschwang,1
Itzehoe,2
Itzelberg,1
Ivenack,1
Ivsuton?,1
Iwentz­Russland,1
Jacele-Kronstadt,1
Jacobshagen,2
Jaffa­Palästina,0
Jagstfeld,1
Jagsthausen,1
Jagstheim,3
Jagstzell,0
Jakobshagen,2
Jalkirk­Schottland,1
Jannina­Türkei,2
Jarssum,0
Jastrow,1
Java,0
Jebris­Persien,1
Jekendorf,1
Jemgum i. Ostfriesland,1
Jena,3
Jensbach? i.d. Rheinpfalz,1
Jersey City,1
Jershöft,1
Jerusalem­Palästina,1
Jerusalem­Palästine,0
Jerusalem­Türkei,1
Jeßnitz,2
Jettenburg,1
Jevenstedt,0
Jever,7
Jever],1
Jife­Schottland,1
Johanngeorgenstadt,1
Johannisburg­Südafrika,0
Jöhlingen,0
Johnsdorf,1
Jönköping­Schweden,0
Jonschwil,1
Jostern,1
Juchnoff­Russland,1
Juckeln,1
Judenburg-Magdeburg,1
Juliusberg,1
Jungbunzlau,0
Jungingen,1
Justingen,2
Jüterbog,2
Jüterbogk i.d. Mark,1
Jüterborg,1
Jüttendorf,1
Jux,1
Jyvie,1
Kabul,0
Kaditz (1884?,1
Kaethen,1
Kahla,1
Kairo­Ägypten,0
Kaiserbach,1
Kaiserslauern i.d. Pfalz,1
Kaiserslautern,1
Kaiserstuhl,1
Kaiserwerth,3
Kakerbeck,0
Kalbe a.d. Saale,1
Kälbertshausen,2
Kalckwitz,1
Kalisch­Polen,1
Kalkar,0
Kallies,1
Kallstadt,1
Kaltbrunn,2
Kaltbrunnen,1
Kammerstadt,1
Kammin,1
Kanada,0
Kanasawa­Japan,1
Kandersteg,0
Kanz,1
Kapfenburg,1
Kapland­Südafrika,0
Kappel,4
Kappeln,1
Karalene,2
Karlova­Bulgarien,1
Karlsbad,0
Karlshof,1
Karlsruhe,25
Karlsruhe-Durlach,0
Karlstad­Schweden,1
Karlstein-Berchtesgaden,1
Karlsuhe,0
Karniszéwo,1
Karolinnensiel,1
Karsdorf,1
Karslruhe,0
Karsruhe,1
Kasel,0
Käshofen i.d. Pfalz,1
Kasko­Finnland,1
Kasseburg,1
Kassel,10
Kassel-Wilhelmshöhe,0
Kassieck,0
Katharinendorf,1
Kathrinhagen,1
Katzweiler d. Rheinpfalz,1
Katzweiler i.d. Pfalz,1
Kauersiexk?,1
Kaufbeuren,3
Kaufbeuren i. Schwaben,1
Kaukas­Finnland,1
Kaukasus,1
Kay,2
Kelbra,2
Kellenbach,1
Kelvia­Finnland,1
Kelzenberg,0
Kemmelberg,0
Kemnath,1
Kempen,1
Kempten,1
Kennenburg,1
Kennitz,1
Kentuckey­USA,1
Kentville,1
Keppenbach,1
Kerclaer,1
Kerki­Ostindien,1
Kernen,0
Kernen i. Remstal,0
Kerns-Obwalden­Schweiz,0
Kesseling,0
Kessweil,1
Kettwig a.d. Ruhr,2
Keula?,1
Kevelaer,1
Kew Gardens,0
Kiedrich,0
Kiel,10
Kielmy­Litauen,0
Kienberg,1
Kiew­Russland,2
Kilchberg,1
Killwangen,2
Kilmmuir Easter,1
Kiloyth­Schottland,1
Kilso­Schottland,1
Kilwinning­Schottland,1
Kirberg,1
Kirchberg,4
Kirchberg a.d. Jagst,6
Kirchberg a.d. Murr,0
Kircheim u. Teck,2
Kirchen a.d. Sieg,1
Kirchen a.d. Sieg[,1
Kirchenbollenbach,1
Kirchenkirnberg,2
Kirchentellinsfurt,2
Kirch-Grubenhagen,1
Kirchhausen,1
Kirchhaußen,1
Kirchheim,6
Kirchheim a. Ries,1
Kirchheim a.N.,3
Kirchheim u. Teck,16
Kirchheim u. Teckk,0
Kirchheim u.T.,10
Kirchheim unter Teck,0
Kirchheimbolanden,1
Kirchheimbolanden i.d. Pfalz,1
Kirchhunden,2
Kirchhundern,1
Kirchmöser,0
Kirchnüchel,1
Kirch-Nüchel,1
Kirkaldy­Schottland,1
Kirkliston­Schottland,1
Kirn,2
Kirn a.d. Nahe,1
Kirsch,0
Kis-Baràt­Ungarn,1
Kisdorf,1
Kismaju­Somaliküste,0
Kis-Palugya,1
Kissingen,0
Kißlegg,0
Kis-Tapolcsany­Ungarn,1
Kl. Gartach,1
Kl. Leitzkau,1
Kl. Rhüden,1
Kl. Rodensleben,1
Kl. Woskern,1
Kl.-Ilsede,1
Kl[ein]-Eislingen,1
Klausenburg,1
Kleebronn,1
Klein Flottbeck,1
Klein Gartz,0
Klein Warin,1
Klein-Ammensleben,0
Klein-Barnim,1
Klein-Bennebek,1
Kleinbottwar,2
Klein-Eißlingen,1
Kleinenkneten,1
Kleingartach,2
Klein-Gartach,1
Klein-Glattbach,1
Klein-Heubach [i. Oberbayern],1
Klein-Himstedt,1
Kleiningersheim,1
Klein-Kollmar i. Holstein,1
Kleinmachnow,0
Kleinmühlingen,1
Klein-Quenstedt,0
Kleinsüßen,1
Kleinwa??en,1
Klein-Zillebeke i. Flandern­Belgien,0
Klempau,0
Kleser,1
Klettenberg,1
Kleve,0
Klietznick,1
Klingenberg,1
Klingnau,2
Klinke,0
Klinken,1
Klippkanne,1
Kloster Lehnin,1
Kloster Malchow,1
Kloster Neuendorf,1
Kloster Schönthal,1
Klosterbeuren,1
Klosterreichenbach,0
Klosterwald,1
Klötze,1
Klötze i.d. Altmark,1
Klüppelberg,1
Kniestedt,1
Kniphausen,1
Knittligen,1
Knittlingen,5
Knittlingn,1
Knollengraben,1
Kobakau,1
Koblenz,6
Koburg,1
Kochendorf,7
Kochersteinsfeld,3
Kocherstetten,1
Kocherthürn?,1
Koenigsfeld,1
Kohlberg,0
Kohlstetten,2
Köl,1
Kolberg,1
Kolbingen,1
Kölleda,1
Kolmar,2
Köln,15
Köln [a. Rhein],1
Köln a. Rhein,3
Köln a.Rh.,6
Köln-Deutz,1
Köln-Deutzz,1
Köln-Ehrenfeld,1
Köln-Lindenthal,0
Köln-Mannsfeld,1
Köln-Nuppes,0
Kolozsvár­Ungarn,1
Kolzlow­Polen,0
Köndringen,1
Köngen,2
Königerode,0
Königsberg,11
Königsberg i. Pr.,1
Königsberg i.d. Neumark,1
Königsberg i.Pr.,3
Königsbronn,6
Königsee,0
Königseggwald,3
Königseld,0
Königsfeld,1
Königsfeld i. Schwarzwald,0
Königshütte i. Oberschlesien,1
Königshütte i.d. Oberpfalz,1
Königssee,0
Königstein,0
Königstein i. Taunus,0
Konigswinter i. Taunus,0
Konitz,2
Könnigde,0
Konstaninopel­[Türkei],1
Konstantinopel­Türkei,0
Konstanz,4
Kopenhagen­Dänemark,1
Koppenhagen­[Dänemark],1
Koppingen,1
Korb,4
Korbetha,0
Korfu­Griechenland,0
Köritz,1
Kork,0
Korntal,3
Korntal-Münchingen,0
Kornthal,4
Kornwestheim,0
Korsigk,0
Kösen,2
Köslin,1
Kösseln,0
Kössing,1
Koßtowjetz,0
Kostellitz,1
Koster Veßra,1
Köthen,2
Kotzenau,1
Kotzerke,1
Kowno,1
Kragujevatz­Serbien,1
Kragujewatz­Serbien,1
Krähenbad i. Schwarzwald,0
Kraika,1
Krakau­Polen,0
Krakow,1
Krastnigg,1
Krauchenwies,1
Krefeld,4
Krefeld-Uerdingen,0
Krefled,0
Kreglingen,1
Kreinitz,1
Kremnitz­Ungarn,1
Kresbach,1
Kreßbronn,0
Kreuma,0
Kreuz,1
Kreuzlingen,1
Kreuzlingen­Schweiz,0
Kreuznach,4
Kriebstein,1
Krieckenbeck,1
Kriegshaber,1
Krögelstein,1
Kromargen,1
Kronau,1
Kronberg,0
Kronberg i. Taunus,0
Kronstadt,4
Kropstädt,0
Krotoschin,2
Krumbach,1
Krumenau,1
Krummenau,1
Kt. Appenzell­Schweiz,0
Kuchen,1
Kuchl,1
Kudowa,0
Kuhfelde,1
Kuhstedt,1
Kulm,0
Kümmertshausen,1
Künzelsau,11
Kupferzell,5
Kurland a.d. Aa­Kurland,0
Kurnik,1
Kürtow,0
Kuschlin,1
Kusel i.d. Rheinpfalz,1
Küßnacht,2
Küstrin,3
Küstrin a.d. Oder,1
Kuttenberg,1
Küttigen,1
Kutztown,1
KZ,0
KZ Auschwitz,0
KZ Buchenwald,0
KZ Dachau,0
KZ Gurs­Frankreich,0
KZ Lublin,0
KZ Sachsenhausen,0
KZ Teresienstadt,0
KZ Theresienstadt,0
La Bassée,0
La Bassée a.d. Somme,0
La Boisell,0
La Boissele­Frankreich,0
La Chaux de Fonds,2
La Chaux-de-Fonds,1
La Chavette a.d. Somme­Frankreich,0
La Ferriere,1
La Orotava,0
La Sarraz,3
La Tour de Peilz,1
Laage,1
Laasphe,3
Laay,1
Labenz,1
Labes,2
Labian,1
Labiau,1
Laboe,1
La-Chaux de Fonds,1
Lachen,1
Laconie­Griechenland,1
Lacouure­Frankreich,0
Ladelund,1
Ladenburg,0
Lage,1
Lagensalza,1
Lager Mühlberg a.d. Elbe,0
Lagos­Westafrika,1
Lahr,7
Laibach,0
Lallendorf,1
Lambrecht i.d. Rheinpfalz,1
Lamel?,1
Lamotte,0
Lampertsried,1
Lampoldshausen,1
Lanarkshire­Schottland,1
Lanbdsberg a.d. Warthe,0
Landau,0
Landau i.d. Pfalz,1
Landau i.d. Rheinpfalz,1
Landau?,1
Landeshut,2
Landsberg a.d. Warthe,5
Landshut,0
Langebrück,0
Langemarck,0
Langenargen,2
Langenau,7
Langenau­Schweiz,1
Langenberg,4
Langenbeutingen,3
Langenbeutlingen,1
Langenbielau,1
Langen-Bilau,1
Langenbrand,1
Langenbruck,2
Langenburg,11
Langendorf-Düssel,0
Langendreeer,0
Langendreer,0
Langenenslingen,1
Langenfeld,1
Langenhagen,2
Langenleube-Obvrehain,1
Langenlonsheim,0
Langennschemmern,1
Langenorla,1
Langenreichenbach,0
Langensalza,1
Langenscheid,1
Langenstadt,1
Langensteinbaach,0
Langensteinbach,1
Langenthal,2
Langenweddingen,0
Langrickenbach,1
Langweiler,1
Langwie,1
Lanken a. Rügen,1
Lankwitz,0
Laon,0
Larrelt,1
Latzig,1
Lauban,1
Lauchhammer,1
Lauchheim,2
Laudenbach,1
Lauenau,1
Lauenburg,1
Laufen,3
Laufen a. Neckar,1
Laufen a.N.,0
Laufenburg,1
Lauffen,1
Lauffen a. Neckar,4
Lauffen a.N,1
Lauffen a.N.,4
Lauingen,0
Lauke,1
Lauke i.d. Mark Brandenburg,1
Laukenburg,1
Laupheim,14
Laurahütte,1
Laurent­Schottland,1
Lausanne,3
Lausanne­ASchweiz,0
Lausanne­Schweiz,0
Lausen,1
Lautenbacher Hof,1
Lautenthal,1
Lauterbach,0
Lauterberg,1
Lauterburg,7
Lautern,0
Lautrach,0
Laveline,0
Laz. Cannstatt,0
Laz. Köln-Ehrenfeld,0
Lazarett Ingolstadt,0
Lazarett Lagny,0
Lazarett Ludwigshafen,0
Le Hâvre (Frankreich(,1
Le Hâvre­[Frankreich],1
Le Havre­Frankreich,1
Le Lien,1
Le Mesnil,0
Le Moncets­Frankreich,0
Leadville,0
Leal,1
Leck,1
Leck i. Schleswig,0
Ledde,0
Leeden,1
Leeds­England,1
Leer,3
Leerhafe i. Ostfriesland,1
Lees Oldham­[England],1
Leetza,0
Lehe,1
Lehrensteinsfeld,4
Leiden­Holland,0
Leifferde,1
Leipzg,0
Leipzig,20
Leipzig-Gohlis,3
Leipzig-Gophlis,1
Leipzig-Racknitz,1
Leisel,1
Leisnig,0
Leißzig,1
Leland Township,0
Lemberg,0
Lemberg i.d. Rheinpfalz,1
Lemförde,1
Lemgo,2
Lengefeld,0
Lengerich,0
Lengerich I,1
Lenggern,1
Lengnau,1
Lennep,1
Lenzen i.d. Westpriegnitz,1
Leonberg,15
Leopoldshöhe,1
Leppin,1
Lerkendorf,1
Les Pont,1
Lethmathe,0
Leuggern,3
Leukerstetten,1
Leuk­Schweiz,1
Leupoldshausen,1
Leutenbach,0
Leutenberg,0
Leutkirch,8
Leutkirch i. Allgäu,1
Leuzendorf,2
Lever,1
Levern,0
Lewe-Liebenburg,1
Leyden­Holland,1
Leysin,0
Libau,2
Libenic,1
Lichtel,1
Lichtenau,3
Lichtenfeld,1
Lichtenfels­Grönland,1
Lichtensteig,1
Lichtenstein,2
Lichtenstern,1
Liebenau,0
Liebenwerder,2
Liebenzell,5
Liechtensteig,1
Liedolsheim,0
Liegnitz,4
Lieme,0
Lienen,1
Liepe a.d. Oder,1
Liestal,3
Liestal­Schweiz,0
Lieth­Schottland,1
Liggersdorf,0
Lille,0
Lillehammer,0
Lima­Peru i. Südamerika,1
Limburg,1
Limburg a.d. Lahn,1
Lindau,2
Lindau a. Bodensee,0
Lindau-Schachen,0
Lindelbach,1
Lindenau,1
Lindenberg i. Allgäu,0
Lindenfels i. Odenwald,0
Linderstedt,1
Lindlar,1
Lingen,3
Lingen a.d. Ems,0
Linkenheim,0
Linlilhgowskni­Schottland,1
Linsenhofen,3
Lintorf,1
Linz,2
Linz a. Rhein,1
Linz a.d. Donau­Österreich,0
Linz a.d. Donau­Österreich-Ungarn,1
Linz a.Rh.,2
Linz­Österreich,0
Lioma,0
Lipperode,1
Lippertsweiler,1
Lipprechterode,1
Lippspringe,0
Lippstadt,3
Lissa,1
Lissabon,0
Lißen,1
Listernohl,0
Litit,1
Litzmannstadt Ghetto,0
Liverpool­England,2
Livland,1
Llanidlses,1
Löbau,2
Lobberich,1
Löbejün,1
Loburg,1
Locarno,0
Locarno­Schweiz,0
Löchgau,1
Lochwinnoch­Schottland,1
Locle,1
Lodz­Russland,1
Loebau,1
Loeningen,1
Loga,0
Loga i. Ostfriesland,0
Logan,1
Lombach,1
Lomé­Togo,0
Londen­England,0
London­[England],3
London­England,9
Longwy,0
Longyon,0
Lonsee,1
Löpfingen,1
Loppersum,0
Lor im Alenlande,1
Lorch,10
Lorch a. Rhein,1
Lorettohöhe,0
Lornersheim,1
Lörrach,4
Los Angeles,0
Los Angeles­USA,0
Loßburg,0
Löstrup,1
Lothringen,0
Lottin,1
Lotzwyl,1
Louiss­Finnland,1
Louisville,1
Lounhend,1
Löwen,1
Löwenberg,1
Löwenstein,9
Lübbecke,1
Lübben,1
Lübbenow,1
Lübeck,6
Lübeck ?,0
Lubschau i. Oberschlesien,1
Lübthen,1
Lübz,2
Lüchow,1
Luckenwalde,1
Lüdenscheid,3
Lüdenscheidt,1
Ludom,1
Ludwigburg,0
Ludwiglust,1
Ludwigsburg,81
Ludwigsburg-Salon,0
Ludwigshafen a. Rhein,0
Ludwigshafen a.Rh.,1
Ludwigshausen,1
Ludwigslust,1
Ludwigwsburg,0
Lugano,1
Lugano­Schweiz,0
Lügumkloster,1
Lugwigsburg,1
Luhden,1
Lühnde,1
Luisenthal,1
Luizhausen,3
Lunden,1
Lüneburg,4
Lünen,0
Lungern,1
Lustnau,2
Luthe,1
Luthern,1
Lütisburg,2
Lütjenburg,1
Lutter,0
Lüttich,1
Lüttich­Belgien,1
Lützen,3
Lutznik,1
Luwigsburg,0
Luxemburg,1
Luxemburg­Luxemburg,1
Luzern,1
Luzern­[Schweiz],10
Luzern­Schweiz,2
Luzern­Schweiz],1
Lyon,1
Lyon­Frankreich,1
M Gladbeck,1
M. Gladbach,6
M[ünchen] Gladbach,1
M[ünchen]-Gladbach,1
Machault­Frankreich,0
Madison,2
Madrid­Spanien,0
Magdeburg,45
Magdeburg-Buckau,1
Mägdesprung,1
Magedburg,1
Magolsheim,1
Magstatt,1
Mahlberg,0
Mähringen,3
Maichingen,3
Maienfels,1
Mailand­[Italien],1
Mailand­Italien,1
Main,1
Mainaschaf,1
Mainhard,1
Mainhardt,1
Mainz,9
Makapanspoort,1
Malans,1
Malchin,1
Maldorf,1
Malente,2
Malente-Gremsmühlen,0
Malix,1
Malmsheim,1
Málnás­Ungarn,1
Malsch,1
Malterdingen,1
Malton,1
Mamer­Ghzgt. Luxemburg,1
Manchester,1
Manchester­England,1
Mangalore,2
Mangalore­Indien,1
Mangalore­Ostindien,2
Mangalur­Ostindien,3
Manhattan-New York(New York­USA,0
Manhatten,0
Manhatten-New York,0
Mannbach,1
Mannenbach,1
Mannhausen,1
Mannheim,12
Mannheim-Freudenheim,0
Manninghin­England,1
Mannsfeld,1
Mansbach,1
Mansfeldt,1
Marbach,8
Marbach a. Neckar,1
Marbach a.N,1
Marbach a.N.,6
Marburg,4
Marburg a.d. Lahn,0
Marclissa,1
Marggrabowa-Oletzko,1
Mariae-Kappel,1
Mariäkappel,1
Marienburg,5
Marienheide,0
Marienkapell,1
Marienthal,1
Marienwerder,1
Mariette,1
Marion,1
Mark,1
Markdorf,1
Markelsheim,0
Markgröningen,8
Markgrönningen,1
Märkisch Friedland,1
Markoldendorf,1
Markt Berolzheim,1
Markt Sugenheim [i. Mittelfranken],1
Marktbreit,1
Marktlustenau,1
Marl-la-Tour,0
Marlow,1
Marne,1
Marpod,0
Märschwil?,1
Marseille­Frankreich,1
Mars-la-Tour,0
Märstetten,2
Martdorf,1
Martinsburg,1
Mass.­USA,0
Massachusetts,1
Massenbach,1
Massow,1
Matgendorf,0
Maubach,1
Maulbronn,10
Maulburg,2
Maxsay,1
Mechau,0
Mecheln­Belgien,0
Meckenbach,1
Meckenbeuren,0
Meckesheim,1
Mecklenburg,1
Medebach,1
Mediasch,2
Medow,1
Meerholz,0
Meersburg,1
Meersburg a. Bodensee,1
Meggen,2
Mehldorf,1
Mehlem a. Rhein,0
Mehlen,0
Mehlis,1
Mehlken,1
Mehmke,0
Mehrenberg,1
Mehrin,0
Mehrstetten,1
Meierich,1
Meierskoppel,1
Meimsheim,2
Meinhardt,1
Meiningen,5
Meiringen,2
Meisenheim i.d. Pfalz,0
Meißen,2
Meissenheim,1
Melbourne,0
Melchingen,3
Meldorf,4
Meldorf i. Holstein,1
Mellenbach,0
Mellingstedt,0
Melrose­Schottland,1
Melsungen,0
Memel,3
Memmingen,6
Menau? i. Franken,1
Mengen,6
Mengeringhausen,0
Meningen,1
Menslage,1
Menzberg,1
Menziken?,1
Menzingen,1
Menznau,1
Meppen,3
Meraheim?,1
Meran,0
Meran­Italien,0
Merchingen,1
Merckem,0
Merenschwand,1
Mergelstetten,1
Mergentheim,18
Merishausen,2
Merkara,1
Merkara­Ostindien,1
Merklingen,5
Merseberg,1
Merseburg,6
Merseburg a.d. Saale,1
Merxleben,0
Meschede,2
Meschen,1
Meschendoorf,1
Meseberg,0
Messina­[Italien],1
Messines,0
Meßstetten,2
Metrich,1
Metternzimmern,1
Metterzimmern,1
Mettingen,0
Mettman,1
Mettmann,4
Metz,1
Metzerlen,2
Metzingen,8
Meuren,1
Meuselwitz,1
Mewe,1
Mexico­[Mexico],1
Mexico­Mexiko,1
Mexiko,0
Meyenburg,2
Meysenburg,1
Mezingen,1
Mezötur­Ungarn,1
Michelbach,3
Michelbach a. Wald,1
Michelfeld,1
Middletown,0
Midlum i. Ostfriesland,1
Miehlen,1
Mielnik­Russland,0
Miesau i. Rheinbayern,1
Mietingen,1
Mikatzuki­Japan,1
Mikkeli­Finnland,0
Miling,1
Milowista­Macedonien,1
Milton,1
Milwaukee,0
Milwaukee­USA,0
Mindelheim i. Schwaben und Neuburg,1
Minden,4
Mindersbach,1
Minneapolia,0
Minsen,0
Miraumont,0
Mirow,1
Misselwarden,1
Missionsstation Lekalekale,1
Mitau­Kurland,0
Mitau­Russland,1
Mitenhage­Südafrika,1
Mitlödi,0
Mittelbiberach,1
Mittelfischbach,1
Mittelfischfach,1
Mittelschaffberg,1
Mittenwald,0
Mittenwalde,2
Mlawa,0
Möckern,0
Möckmühl,3
Modern­Ungarn,0
Moers,4
Moffat­Schottland,1
Möglingen,2
Möhl?,1
Möhren,1
Mohringen,1
Möhringen,5
Möhringen a.d. Fildern,1
Möhringen a.F.,0
Mohrungen,1
Molièrs,1
Mölln,0
Monastir­Mazedonien,1
Mönchengladbach,0
Mönchrath,1
Mönchsroth,1
Mönchweiler i.d. Rheinpfalz,1
Monrepos,1
Mönsheim,2
Montabaur,1
Montbéliard,2
Montblainville­Frankreich,0
Montdedier,0
Montdidier­Frankreich,0
Monte Carlo,0
Montego Bay­Jamaica,1
Monthey,1
Montigny i.d. Argonnen,0
Montjoie,1
Montmirail,1
Montreu­Schweiz,0
Moorstein?,1
Moor­Ungarn,1
Morija­Lesotho,0
Moritzburg,1
Morstein,2
Morungen,1
Mosbach,5
Mosbach-Biebrich a.Rh.,1
Moschel,1
Moskau,1
Moskau­[Russland],1
Moskau­Russland,5
Möskirch,1
Mosnang,1
Mossentiener Hütte,1
Mössingen,3
Motal,1
Möttlingen,2
Mötzlich,0
Mount Vernou,1
Mout,0
Mözingen,1
Muansa­Ostafrika,0
Mücheln,1
Muchow,0
Muckenberg,1
Müden a.d. Aller,1
Muggenbrunn,1
Mühl a. Neckar,2
Mühlacker,3
Mühlberg a.d. Elbe,1
Mühlehorn,1
Mühlenbuch,1
Mühlenrahmede,1
Mühlhausen,3
Mühlhausen a.d. Enz,1
Mühlhausen a.N.,0
Mühlhausen i. Thüringen,1
Mühlheim,1
Mühringen,2
Mulfingen,1
Mülhauen,1
Mülhausen,3
Mülheim a. Rhein,1
Mülheim a.d. Ruhr,12
Müllheim,3
Müllheim i. Breisgau,1
Mümliswyl,1
Müncheberg,1
München,11
München i. Oberbayern,1
Münchenbuchsee,1
München-Königswiesen,0
Münchingen,1
Münchroth,1
Münch-Roth,1
Münchzell,1
Mundbuch,1
Mundelsheim,2
Münden,3
Münder a.D.,1
Munderkingen,4
Munderkingen a.d. Donau,1
Mundingen,3
Müne,1
Müner a. Deister,1
Münsingen,9
Münster,21
Münster i. Westfalen,0
Münsterberg,2
Münstereifel,1
Münz,1
Munzingen,0
Muralto,0
Murau i. Allgäu,0
Murg a. Rhein,1
Muri,1
Murr,1
Murrhard,1
Murrhardt,9
Mürrtz?,1
Murten,2
Muschwitz,1
Müsen,0
Mußbach i. Rheinbaiern,1
Mützelburg,1
Mütznow,1
Myslotkowo,1
N.Szokoly­Ungarn,1
Nabern,0
Näfels,1
Nagold,6
Nagy Körös­Ungarn,1
Nagyág,1
Nahrstedt,1
Naik­Ostindien,1
Naislach,1
Nakel,2
Nancourt a.d. Somme­Frankreich,0
Nancy­Frankreich,0
Nassau,2
Nassau a.d. Lahn,0
Nastatten,1
Nastätten,2
Nattheim,1
Nauen,3
Nauert,1
Naugard,2
Nauheim,0
Naumburg,3
Naumburg a.d. Saale,3
Neapel­Italien,1
Nebra,1
Nebringen,1
Neckarau,2
Neckarbinau,0
Neckarbischofsheim,3
Neckargerach,0
Neckargmünd,1
Neckargröningen,1
Neckarsteinach,0
Neckarsulm,10
Neckartailfingen,2
Neckarthailfingen,1
Neckarweihingen,3
Neckarwestheim,1
Nedlitz,1
Neeuwport,0
Negenborn,1
Neidenburg,1
Neidhartshausen,0
Neinstedt,0
Neinstedt a. Harz,1
Neipperg,1
Neisse,2
Nelben,1
Nellingen,3
Nendingen,1
Nennhausen,1
Nensirow?,1
Neresheim,10
Nerezyinsk­Polen,1
Netherhall Grdns Hampstead,0
Netphen,1
Netstal,1
Netstal ­Schweiz,0
Netze,1
Netzen,1
Neu Bartow,1
Neu Guinea,0
Neu Rönnebeck,1
Neu Werbász­Ungarn,1
Neubabelsberg,0
Neubronn,4
Neubuhlach Wildberg,1
Neuburg,2
Neuburg a.d. Donau,1
Neuburg a.d. Nonau,0
Neuburg a.Rh.,1
Neubürg a.Rh.,1
Neuchâtel,2
Neuchâtel­[Schweiz],4
Neuchâtel­Schweiz,4
Neudamm,1
Neudamm i.d. Neumark,1
Neudenau,3
Neudenau?,1
Neudorf,1
Neue Mühle,1
Neuehoffnung,0
Neuenburg,4
Neuenbürg,20
Neuenbürg a.d. Enz,1
Neuenbürg Calw,1
Neuenburg­Schweiz,0
Neuende,1
Neuendorf,4
Neueneck,1
Neuenhagen,1
Neuenhaus,3
Neuenkirch,1
Neuenkirchen,3
Neuenrade,1
Neuenstadt,8
Neuenstadt a. Bielersee,1
Neuenstadt a. Kocher,1
Neuenstadt a.d. Linde,3
Neuenstadt a.d.L.,1
Neuenstadt a.K.,1
Neuenstadt a.L.,1
Neuenstein,2
Neufen,1
Neuffen,6
Neufra,1
Neufrach,1
Neufreistett,1
Neu-Granada,1
Neu-Gutzmerow,1
Neuhaldensleben,3
Neuhaus,1
Neuhaus a.d. Oste,2
Neuhaus a.s. Oste,1
Neuhausen,3
Neuhausen a. Rheinfall­Schweiz,0
Neuhausen a.d. Erms,1
Neuhausen a.d. Fildern,0
Neuhengstätt,1
Neuhengstett,1
Neuhof,2
Neuhof-Ragnit,1
Neuhütten,1
Neukirch,2
Neukirchen,1
Neuland,1
Neu-Lautern,1
Neuler,1
Neu-Lietzegöricke,1
Neulußheim,0
Neumünster,5
Neunburg­Schweiz,0
Neunkirch,1
Neunkirchen,3
Neunkirchen­Frankreich,1
Neuravensburg,1
Neurode,1
Neuruppin,2
Neuruppin i.d. Mark Brandenburg,1
Neusalz a.d. Oder,1
Neuß,1
Neuß a. Rhein,1
Neuß am Rhein,1
Neussen,1
Neustadt,4
Neustadt a.d. Dosse,1
Neustadt a.d. Haardt,0
Neustadt a.d. Haardt [i.d. Rheinpfalz,1
Neustadt a.d. Linde,2
Neustadt a.d. Osla,1
Neustadt a.d. Unstrut,1
Neustadt a.d. Weinstraße,0
Neustadt a.H.,1
Neustadt a.H. i.d. Rheinpfalz,1
Neustadt a.K.,0
Neustadt a.R.,1
Neustadt i. Mittelfranken,0
Neustadt i. Oberschlesien,1
Neustadt in Oberschlesien,1
Neustadtgoedens,1
Neustadt-Magdeburg,1
Neustand a.d.L.,1
Neustdt-Eberswald,1
Neustetten,1
Neustettin,1
Neu-Stettin,1
Neustrelitz,0
Neuteich,1
Neuulm,0
Neu-Ulm,4
Neuville-Saint-Vaast,0
Neuweiler,2
Neuwerk,0
Neuwied,2
Neu-Wittelsbach,0
Neviges,2
New Orleans,1
New South Wales­England,1
New York,9
New York Yity,0
New York­USA,2
Newark Essex Co.,0
Newbury­England,1
Newcastle [on Tyne],1
Newhaven,0
New-Jersey­[USA],0
Newton,0
Nidau,2
Nidda,1
Nieborowitzer Hamemr,0
Niebüll,1
Niedeck,1
Niedenzwil,1
Nieder Leszna,1
Nieder Ullersdorf,1
Niederalfingen,1
Nieder-Berzdorf a.d. Eigen,1
Niederbeuna,0
Niedereggenen,1
Niederhall,1
Niederhelfenswyl,1
Nieder-Hinrichshagen? i. Schwedisch-Pommern,1
Niederhochstadt i.d. Pfalz,1
Niederhofen,2
Niederhofen-Mailand,0
Niederkirchen i.d. Rheinpfalz,1
Niederlauken,1
Niederliexweiler,1
Niedermarssen,1
Niedernhall,4
Niederramstadt,0
Nieder-Renthin,1
Niederroßbach,1
Nieder-Sautheim,1
Nieder-Schönfeld,1
Niedersept,0
Niedershausen,2
Niederstetten,4
Niederstotzingen,1
Niederwalluf,1
Niederwil,1
Nieder-Wildungen,1
Niefern,1
Nieheim,2
Nienburg,4
Nienburg a.d. Weser,1
Niensteden,0
Niesky,2
Nijky Nowgorod­[Russland],1
Nijni Nowgorod­Russland,1
Nimptsch,1
Ningpo­China,1
Nippenburg,2
Nirmsdorf,1
Nishinomiya­Japan,0
Nizza­Frankreich,0
Nockach,1
Nohfelden,4
Nohra,0
Nomral,1
Nonnenbach,1
Nonnenweier,0
Nordamerika,0
Norddinker,1
Norden,3
Nordenstadt,2
Norderbrarup,0
Norderney,0
Nord-Hackstedt,1
Nordhastedt,1
Nordhausen,7
Nordhausen a. Harz,1
Nordheim,3
Nordhofen,2
Nordhorn,1
Nördlingen,0
Nördlingen],1
Nördlingenn,1
Nordrhein-Westfalen,0
Nordsee,0
Northeim,0
Nortorf,1
Norwich,2
Nossen,1
Notzingen,1
Nouvion,0
Novanes,1
Nufringen,1
Nümbrecht,1
Nunningen,1
Nürberg,0
Nürnberg,11
Nürtingen,13
Nürtingen-Reudern,0
Nußdorf,1
Nüttermoor,1
Nw. Mexico­USA,0
Nyenhangli­China,1
Nyon,1
o. Ort­USA,1
o.O.­Ungarn,1
Obbenbach a. Main,0
Ober Stupno­Kgr. Böhmen,1
Oberacker i.Br.,1
Oberaspach,1
Oberbaldingen,1
Oberbalzheim,1
Ober-Baumgarten,1
Oberbettringen,1
Oberböbingen,2
Oberderdingen,1
Oberdigisheim,2
Oberdischingen,0
Oberdorf,4
Oberdorfelden,1
Oberdorla,0
Oberdreis,1
Oberdreis i. Westerwald,0
Oberegg,1
Obereggenen,0
Obereinsingen,1
Obereisenbach,0
Obereisenbach oder 24.3.1949 Sauggart,0
Ober-Eisisheim,1
Oberelsungen,1
Oberendingen,0
Oberesslingen,1
Oberfischbach,1
Ober-Gembach,1
Obergrönningen,2
Oberhallau,1
Oberhausen,1
Oberhausen i.d. Rheinpfalz,1
Oberhofen,1
Oberhofen a. Thunersee­Schweiz,0
Oberiflingen,1
Ober-Ingelheim a. Rhein,1
Oberjesingen,2
Oberkassel,0
Oberkeßach,2
Oberkochen,2
Oberlahnstein,1
Oberlahnsten,1
Oberlenningen,0
Oberleutersdorf,1
Obermarchtal,2
Obermarchthal,2
Obermiesau i.d. Rheinpfalz,1
Obernau,0
Oberndord,1
Oberndorf,10
Oberndorf a. Neckar,1
Oberndorf a.N,1
Oberndorf a.N.,5
Obernheim,1
Obernhof,1
Oberofen,0
Oberplanitz,1
Oberrad,1
Oberrahmede,1
Oberrankenreute,1
Oberreichenbach,1
Oberriflingen,1
Oberröblingen a. See,1
Ober-Röblingen a. See,1
Oberschwandorf,1
Obersontheim,2
Oberstadion,0
Oberstaufen,0
Oberstaufen i. Allgäu,0
Oberstdorf,0
Oberstdorf i. Oberallgäu,0
Oberstdorf oder Hannover,0
Obersteckholz,1
Oberstedten,1
Oberstein,2
Obersteinach,1
Oberstenfeld,2
Oberstetten,1
Obersulmentingen,1
Obersulm-Sülzbach,0
Obertein,1
Obertürkheim,1
Oberurbach,1
Ober-Urbach,1
Oberursel,0
Oberursel i. Taunus,0
Oberwälden,3
Oberweißbach,1
Obfelden­Schweiz,0
Obornik,2
Ochsen,1
Ochsenhausen,7
Ochtmersleben,0
Ochtum?,1
Odallbach?,1
Odenheim,1
Odenwald,0
Ödenwaldstetten,2
Oderberg,1
Odessa,1
Odessa­[Russland],1
Odessa­Russland,2
Ödheim,1
Odolzhausen,1
Oebisfeld-Kaltendorf,0
Oebissfelde,1
Oedenburg,2
Oedenburg i. Niederungarn­[Ungarn],1
Oehrenfeld,1
Oehringen,9
Oelbronn,1
Oels,1
Oelsnitz i. Vogtland,0
Oelsnitz i. Voigtland,1
Oepfingen,3
Oerel,2
Oerlinghausen,1
Oeschelbronn,1
Oeschgau,1
Oestrich,1
Oetisheim,2
Ofen­Ungarn,1
Offenau,0
Offenbach a. Main,0
Offenbach a. Queich,1
Offenburg,4
Offenhausen,1
Offleben,1
Ofterburg,1
Ofterdingen,3
Oftersheim,1
Oggenhausen,1
Ohlau,2
Ohnberg,1
Öhringen,14
Ohrnberg,2
Ohrum,2
Okayama­Japan,1
Oldenbrok,1
Oldenburg,16
Oldenburg i. Oldenburg,0
Oldendorp,0
Oldenstadt,0
Oldenswort,1
Oldenswort ,1
Oldesloe,3
Oldorf,1
Oletzko,1
Oliva,0
Olnhausen,1
Olpe,2
Ölsnitz i. Erzgebirge,1
Ölsnitz i. Vogtland,1
Olten,2
Olten­Schweiz,0
Olvenstedt,0
Onolzheim,1
Ontario­Kanada,1
Opherdicke,1
Op-Herdicke,1
Opladen,1
Oppau,0
Oppeln,2
Oppenweiler-Reichenberg,0
Oppolusin,1
O'Proto,1
Oranienbaum,0
Oranienstein,1
Orendelsall,1
Orendesall,1
Orlando,0
Ormont-Dessus,1
Orpfingen,1
Orsenhausen,1
Oschatz,0
Öschelbronn,1
Oschersleben,1
Öschingen,1
Osmolin­Polen,0
Osnabrück,18
Oßweil,1
Ostdorf,1
Ostelsheim,3
Ostenfeld,1
Osterburg,1
Osterburg i.d. Altmark,1
Ostercappeln,1
Osterihlienworth,1
Ostermarsch,1
Osternburg,2
Osterode,1
Osterode i. Harz,0
Osterrode a. Harz,1
Osterweddingen,1
Osterwick,1
Osterwieck,0
Osterwieck a. Harz,1
Ostfriesland,1
Osthausen,0
Ostheim v.d. Rhön,0
Ostramoda,0
Ostrolenka­Polen,0
Ostrow,1
Ostrowecki,1
Ostwold,1
Öthlingen u. Teck,1
Othmarschen-Altona,1
Othmarsingen,1
Ötisheim,1
Otjosondu,0
Ottenbach,4
Ottenheim,0
Ottensen,1
Ottenstein,1
Otterndorf,1
Öttingen a.R.,1
Ottweiler,1
Otyizeva­Deutsch-Südwest-Afrika,1
Ovelgönne?,1
Owen,5
Owen a. Teck,1
Owen u. Teck,2
Oxford­England,0
Padang Pandjang­Sumatra,1
Paderborn,8
Padernborn,0
Paese,1
Pähl,0
Pailey­Schottland,1
Paisley­Schottland,1
Palanca­Ungarn,0
Palanka­Serbien,0
Pala­Ungarn,1
Palmbach,1
Palmspring,0
Palzino,1
Pancevo,1
Pappelau,1
Paramaribo,1
Parchim,0
Pargow,1
Paris,0
Paris­[Frankreich],3
Paris­Frankreich,5
Partheney,0
Paschan,1
Pasewalk,1
Páskeresatur­Ungarn,1
Passau,1
Passbusch,1
Patersberg,1
Patna­Indien,1
Pattensee,1
Pattensen,1
Paut-Randszen,1
Payern,1
Payerne,0
Pécpárad,1
Péfagier,0
Pegau,1
Peine,1
Peißen,0
Peitz,1
Peking­China,0
Penkshire­Schottland,1
Peoria,1
Peredebroi?,1
Perlach,1
Perleberg,6
Perleberg i. Priegnitz,1
Perles­Frankreich,0
Pernau,2
Perouse,2
Perth­Schottlan,1
Perth­Schottland,1
Peru,1
Pesch­Ungarn,1
Pessades,1
Peßerat Arrasch?,1
Pesth­Ungarn,1
Pest­Ungarn,1
Péteri,1
Petersberg,1
Petersburg­[Russland],3
Petersburgh,0
Petersburg­Russland,2
Petershain,1
Peterzell,2
Petrshain,0
Pettinain­Schottland,1
Pfäfers­Schweiz,0
Pfaffenhofen,1
Pfäffingen,4
Pfäfikon,1
Pfahlbaum,1
Pfalzgrafenweiler,1
Pfeffingen,2
Pfiffelbach,1
Pflaumloch,1
Pflummern,1
Pförten,0
Pforzheim,18
Pfrondorf,3
Pfronten,0
Pfuhl,1
Pfulingen,1
Pfullingen,7
Pfyn,1
Philadelphia,4
Philadelphia­USA,0
Philalelphia­USA,0
Pillkallen,1
Pinneberg,2
Pinnow,1
Pinoche,1
Pirkenzell i.d. Oberpfalz,1
Pirmasens,1
Pissen,0
Pitcairn,1
Plainfield,2
Plainpalais-Genf­Schweiz,0
Plankstatt,1
Plathe,1
Plattenhardt,2
Platzweg,1
Plau,1
Plaue a.H.,1
Plauen,0
Plauen i. Voigtland,1
Plawniowitz,0
Pleidelsheim,4
Pleidesheim bei Marbach,1
Pleschen,1
Pleß,2
Pless i. Oberschlesien,1
Plettenberg,0
Pleuhen,1
Plieningen,4
Pliezhausen,4
Plitzkau,1
Plochingen,3
Plochingen nach Verwundung,0
Plön,1
Plön i. Holstein,0
Ploßig,1
Plüschow,1
Plymouth­England,1
Pohlitz,1
Pokrent,1
Poldrail,0
Poley,1
Polfingen,1
Pollnow,1
Pöllwitz,0
Poln[isch] Crone,1
Polssen i.d. Uckermark,1
Pommern,0
Pommersfelden,1
Pontresina­Schweiz,0
Ponts s. Seine­Frankreich,1
Poppenweiler,1
Poreiar­Südindien,1
Pörnbach i. Oberbayern,0
Porrentruy,1
Pörsten,0
Port Elizabeth­Süd-Afrika,1
Porto alegr­Brasilien,0
Porto Alere­Brasilien,1
Poschiavo­Schweiz,0
Posen,12
Poswol,1
Potsdam,10
Potsdam ?,0
Potsdam?,0
Potsdam-Rehbrücke,0
Pottsville,1
Pozarevatz­Serbien,1
Pr. Friedland,1
Pr. Minden,2
Pr. Oldendorf,1
Pr. Uedem,1
Praest,1
Prag,3
Prag­Österreich,1
Prag­Tschechoslowakei,0
Pratteln,1
Präwesin,0
Preetz,4
Premslin,1
Prenzlau,4
Prenzlau i.d. Uckermark,1
Prenzlau],1
Preßburg[,1
Pretoria,0
Prettin a.d. Elbe,1
Preuß. Oldendorf,2
Preußisch Eylau,1
Preußisch Oldendorf,0
Preußisch Stargard,1
Priem a. Chiemsee,0
Prießen,1
Prilly,1
Prilup Pyritz,1
Prisank­Jugoslawien,0
Pritzwalk,2
Pritzwalk i.d. Mark Brandenburg,1
Pritzwalk i.d. Priegnitz,2
Pronstorf i. Holstein,0
Prosenwinkel,1
Protsch,1
Prov. Ostpreußen,1
Providence,1
Pruem,1
Prüm i.d. Eifel,1
Pruntrut­Schweiz,0
Puffendorf,1
Pulsnitz,1
Püttlingen,1
Pyritz,4
Quackenbrück,0
Quakenbrück,1
Quassel,1
Quedlinburg,5
Queichhambach i.d. Pfalz,1
Quellenstein­Livland,1
Querenhorst,0
Querfurt,0
Quirnbach,1
Quisdorf,1
Quito­Südamerika,0
Quolsdorf,1
Racz Hidasch­Ungarn,1
Rade vorm Walde,1
Radebeul,0
Radmannsdorf­Österreich,1
Radolfzell,1
Ragaz,1
Ragaz­Schweiz,0
Raguhn,1
Rahden,1
Raitenbuch,1
Raleigh,1
Ralkwitz,1
Rammingen,1
Ramsberg,1
Ramsen,2
Rangendingen,1
Rania,0
Ranis,3
Rankweil,0
Ransweiler,2
Rappenau,0
Rapperschwyl,2
Rappertsweiler,1
Rappoltsweiler,0
Rarzymowo,1
Rastadt,1
Rastatt,3
Rastede,0
Rastorf,0
Rathenow,0
Rathenow [a.d. Havel],1
Ratibor,4
Ratiboritz,1
Ratshausen,0
Ratzebuhr,2
Ratzeburg,4
Ratzeburg i.L.,1
Ratzeburg],1
Ratzenreuthe,1
Ratzenried,1
Rauckendorff,1
Ravensburg,15
Ravensburg-Weingarten,0
Rawicz,1
Reading,1
Reaucourt a.d. Somme,0
Rebensburg,1
Rebstein,1
Rechberghausen,1
Rechenberg,1
Rechentshofen,1
Réchicourt,0
Reckenweil,1
Recklinghausen,1
Rees,0
Regelsbach,0
Regensburg,3
Regenwalde,1
Regis-Breitingen,0
Regs,1
Rehborn,2
Rehle,1
Rehme,1
Rehna,0
Rehorst,1
Reibeisen,1
Reiboldsgrün i. Vogtland,0
Reichelsheim,1
Reichenau,1
Reichenau i. Bodensee,0
Reichenbach,2
Reichenbach a.d. Fils,1
Reichenberg,1
Reicheneck,0
Reichenhall,3
Reiden,1
Reigoldswyl,1
Reihen,1
Reims,0
Reims­Frankreich,0
Reinach,3
Reinachmühle,1
Reinbek,0
Reinfeld,1
Reinfeld i. Holstein,1
Reinsbronn,1
Reischenbach i.d. Rheinpfalz,1
Remscheid,1
Renan,1
Rende?,1
Rendsburg,6
Rengsdorf,0
Rennerod,1
Rennigsheim,1
Renningen,1
Reps,1
Rethel,0
Reubach,1
Reudern,1
Reusten,1
Reute,0
Reutin,1
Reutingen,0
Reutlingen,45
Reutlingen?,1
Reutöingen,0
Reutti,1
Reval­Estland,1
Rexingen,3
Reyden,1
Reyenwalde,1
Rhede,1
Rheden,1
Rheeßen,1
Rheinberg,1
Rheinbischofsheim,1
Rheine,1
Rheineck[,1
Rheinfelden,1
Rheinfelden­Schweiz,0
Rheinpfalz,1
Rheydt,1
Rhinow,1
Rhoden,0
Rhodeno?,1
Ribécourt­Frankreich,0
Ribnitz,1
Richen,0
Richensee,1
Richenthal,1
Rickenbach,2
Ridenberg,0
Ried,0
Riedbach,2
Riedenberg,2
Riederich,1
Riedhammer,2
Riedheim,1
Riedholz,1
Riedlingen,14
Riedlingen [a.d. Donau],1
Riedlingen a.d. Donau,1
Riehen,0
Riehen­Schweiz,0
Riekelrath,1
Rielinghausen,1
Riepe,1
Riesa,2
Riesbach,1
Riesenburg,0
Riesetye,1
Riestaedt,2
Riesum,1
Rietberg,1
Rieth,5
Rietzel,0
Riga,4
Riga­Livland,2
Riga­Russland,2
Rigi,0
Rimburg,1
Ringenberg a.d. Wesel,0
Ringenkuhl,1
Ringingen,1
Ringscheid,1
Ringstedt,1
Rinkemis,1
Rintel,1
Rinteln,0
Rinteln a.d. Weser,0
Rintheim,1
Rißtissen,1
Rivaz,1
Röbel,1
Rochoster­USA,1
Roda,1
Rodenäs,1
Roellshausen,1
Roelsburg?,1
Rogent sur Seine,0
Roggow,1
Rogisinsky,1
Röhlingen,0
Rohracker,3
Rohrbach,2
Rohrdorf,1
Roklum,1
Rolle,2
Rom[­Italien],2
Romain,0
Roman,1
Romanshorn,2
Romanshorn­Schweiz,0
Rom­Italien,1
Rommelshausen,1
Ronneburg,2
Roppertsweiler,1
Rorschach­Schweiz,0
Rosario de Santa Fè­Argentinien,1
Röschenz,1
Roscinno,0
Rosenau,1
Rosenberg,0
Rosenfeld,10
Rosenheim,1
Rosenthal,1
Roßach,1
Roßbach,1
Roßberg,1
Rössel,1
Rossewitz,1
Roßla,2
Rossla a. Harz,3
Roßlau,2
Rossleben,1
Roßwag,1
Rostock,12
Rotenburg,2
Rotenburg a.d. Fulda,1
Rotenburg a.d. Wümme,0
Roth,5
Roth a.S.,1
Roth a.See,1
Rotha,0
Rothau i.d. Vogesen­Frankreich,0
Rothenacker,3
Röthenbach,2
Rothenbach-Werk,1
Rothenberg,1
Rothenburg,1
Rothenburg o.d. Tauber,3
Rothenfluh,3
Rothenmoor,1
Rothesay­Schottland,1
Rothselberg i.d. Rheinpfalz,2
Rottach-Egern,0
Rötteln,0
Rottenburg,16
Rottenburg a. Neckar,2
Rottenburg a.N,2
Rottenburg a.N.,4
Rottenmann,0
Rottenmünster,3
Rotterdam,2
Rottweil,16
Rottweil a.N.,1
Rottweil-Rottenmünsteer,0
Rougemont,1
Rouvroy i.d. Argonnen,0
Rovaniemi­Finnland,1
Rövershagen,0
Roxburghshire­Schottland,1
Rozanka,1
Ruchow,1
Ruchsen,2
Rückeroth,1
Rudersberg,4
Rüdersdorf,0
Rudmersbach,1
Rudolstadt,3
Rued[,1
Ruelfingen,1
Rufen i.d. Neumark,1
Rügenwalde,3
Ruhkrog,1
Ruhland,1
Rühn,1
Ruhrort,1
Ruhrort a. Rhein,1
Ruhrort-Beeck,1
Rummelsburg i. Pommern,0
Rummerfeldt,1
Rümmingen,1
Ründeroth,1
Rünenberg,1
Runkel a.d. Lahn,1
Rupertshofen,1
Rüschlikon­Schweiz,0
Rusenberg [Gmd. Moosbeuren],1
Rußheim,1
Rüstenschill,1
Rutesheim,2
Rützen,1
Rutzenmoos,2
Rüxleben,1
Rybenick,1
Rybnik?,1
S[ächsisch-]Steen,1
S[aint] Imier,1
Saalfeld,2
Saalfeld a.d. Saale,1
Saarbrücken,6
Saarlouis,2
Saarn,1
Saas,1
Sachsen-Altenburg,1
Sachsenhausen,1
Sächsich-Regen,1
Sächsisch Regen,1
Saeno?,1
Saffig,0
Säfvared­Schweden,1
Sagan,2
Salach,2
Sälder,1
Salem,1
Saleske,0
Salò a. Gardasee­Italien,0
Salon,0
Salt,1
Salux,1
Salzburg,1
Salzburg­Österreich,0
Salzderhalden,1
Salzhemmendorf,1
Salzufflen,1
Salzuflen,4
Salz-Uflen,1
Salzwedel,2
Sambleben,1
Samen,0
San Diego,0
San Francisco,1
San Remo­Italien,0
Sande,1
Sandel,1
Sandesneben,1
Sandhausen,1
Sandhofen,1
Sangerhausen,2
Sangershausen,1
Santiago de Chile­Chile,1
Santiago­Chile,1
Sao Paulo,1
Sao Paulo­Brasilien,0
Sarata,1
Saratoga,0
Sarbia,1
Sarne,1
Sarnen,2
Sarstedt,3
Saslisgrün i. Voigtland,1
Sassafahrt,1
Satrup,1
Satteldorf,1
Sauchy l'Estree,0
Sauggart,1
Saulgau,8
Saulwitz,1
Sayda,1
Scaby,1
Schaafhausen,1
Schaarhof,1
Schabow,1
Schachen,0
Schaffhausen,1
Schaffhausen­[Schweiz],5
Schaffhausen­chweiz,1
Schaffhausen­Schweiz,1
Schalksmühle,0
Schandau,1
Schänis,1
Scharnebeck,0
Scharnhausen,1
Schäßburg,3
Schatzlar,1
Schauen,0
Schauern,1
Schauren,1
Schchen,0
Schechen i. Harz,0
Scheer,5
Schefflenz,1
Scheibenberg,3
Schelklingen,0
Scherzheim,0
Scheßlitz,1
Schiersfeld i.d. Pfalz,1
Schiers­Schweiz,0
Schik-Lung­China,1
Schildau,1
Schildesche,1
Schillingstadt,1
Schiltach,2
Schiltern,1
Schinditz,1
Schinznach,1
Schirmeck i.d. Vogesen,0
Schkeuditz,0
Schkoelen,1
Schladming­Österreich,0
Schlath,2
Schleben,1
Schledehausen,1
Schleitheim,4
Schleiz,1
Schleswig,12
Schleswig-Holstein,1
Schleusinger Neudorf,1
Schliengen vor Basel,1
Schlierbach,3
Schlierfurt,1
Schlochau,3
Schlogge,1
Schloos-Chemnitz,1
Schloß Altshausen,0
Schloß Bersulza,0
Schloß Burgberg,1
Schloß Ellwangen a.d. Jagst,1
Schloß Elsterwerda,1
Schloß Kattowitz,1
Schloß Langenberg,1
Schloß Langenburg,1
Schloß Lichtenegg,0
Schloß Meseritz,1
Schloß Moosberg,0
Schloß Neresheim,1
Schloß Obernitz,0
Schloß Schöckingen,0
Schloß Schülzburg,1
Schloß Taxis,1
Schlosswil­Schweiz,0
Schlotheim,1
Schlüchtern,1
Schmalstede i. Holstein,1
Schmerbach,3
Schmidberg,1
Schmidelfeld,1
Schmiden,0
Schmiedeberg,2
Schmiedelfeld,1
Schmieheim,1
Schmoellen,1
Schmölln,1
Schnaith,3
Schnaitheim,2
Schneidemuehl,1
Schneidemühl,3
Schneidheim,1
Schnellewalde,1
Schnersdorf,1
Schneverdingen,1
Schobüll,1
Schöckingen,4
Schoena,1
Schoenebeck,1
Schoenenbuch,1
Schoeningen,1
Schoenwalde,1
Schoeppenstedt,1
Schomberg,1
Schömberg,4
Schönaich,1
Schönbach,1
Schönberg,1
Schönborn,1
Schonborn?,1
Schondorf,1
Schönenberg,1
Schönenwarth,1
Schönenwerd,1
Schönfeld a.d. Saale,1
Schönholzensweilen,1
Schönholzersweilen,1
Schöningen,2
Schönmünzach,1
Schöntal,1
Schöntal-Rossach,0
Schönthal,7
Schopfheim,1
Schopfloch,2
Schöppenstedt,1
Schornbach,2
Schorndorf,19
Schornweisach,1
Schorstädt,1
Schörzingen,0
Schosnitz,0
Schoßdorf,1
Schötmar,1
Schötmar?,1
Schotten,1
Schottland,1
Schramberg,3
Schraplau,1
Schrezheim,0
Schriesheim,0
Schrozberg,1
Schucha,1
Schulpforta,1
Schul-Pforta,1
Schuls-Traps,0
Schülzburg,3
Schupfart,1
Schüpfheim,1
Schura,1
Schussenried,5
Schüttdorf,2
Schüttorf,1
Schützingen,1
Schwabach,5
Schwabach i. Mittelfranken,1
Schwabbach,2
Schwäbich Hall,0
Schwäbisch Gmünd,19
Schwäbisch Hall,28
Schwabsberg,1
Schwabstedt,2
Schwagets,1
Schwaigern,4
Schwaikheim,1
Schwalm,1
Schwanau-Allmannsweiler,1
Schwangau,0
Schwann,1
Schwarme,2
Schwartau,2
Schwartzenbeck,1
Schwarza a.d. Saale,0
Schwarzenbach a.d. Saale,0
Schwarzenberg,0
Schwarzenberg i. Murgtal,0
Schwedt a.d. Oder,2
Schwei,0
Schweidnitz,5
Schweinau,0
Schweinfurt,4
Schweiz,0
schweiz. Paradies,1
Schwellbrunn,1
Schwelm,4
Schwenningen,9
Schwenningen a.N.,1
Schwensbye,1
Schwerin,7
Schwerin a.d. Oder,1
Schwerin a.W.,1
Schwerte,3
Schwetz,1
Schwetz a.d. Weichsel,0
Schwickershausen,1
Schwieberdingen,1
Schwiebus,1
Schwiebus i.d. Mark Brandenburg,1
Schwittersdorf,1
Schwöbber,1
Schwochek,1
Sct. Joost,1
Scuol­Schweiz,0
Sechtenhausen,1
Sechtes­Finnland,1
Seckenheim,1
Seddin,1
Seega,0
Seehausen,1
Seehausen i.d. Altmark,1
Seeheim i. Hessen,0
Seelow,1
Seen,1
Seenstedten,1
Seesen,2
Seesen a. Harz,1
Seesen?,1
Segeberg,3
Segringen i. Mittelfranken,1
Sehlen auf Rügen,1
Seidingstadt,1
Seiffen i. Erzgebirge,1
Seitingen,0
Selb i. Oberfranken,1
Selens­Frakreich,0
Selgenau,1
Sellenstedt?,1
Selters,1
Selters i. [Unter-]Westerwald,1
Seltz,1
Sembach i.d. Pfalz,1
Sembach i.d. Rheinpfalz,1
Sempach,5
Sempst­Belgien,0
Senden,1
Senftenberg,0
Sengwarden,1
Senieres,1
Sennfeld,1
Sennheim,0
Senst,1
Seon,1
Serbien,2
Serepta,1
Seth,1
Setzach,1
Setzingen,1
Seuckendorf,1
Seut im Engadin,1
Sevelen,1
Severn,1
Sèvres bei Paris­Frankreich,0
Shanghai­China,1
Sheffield­England,0
Shidsuokshi­Japan,1
S'Hutogenbosch­Holland,1
Siberatsweiler,0
Sickershausen,1
Siebeneichen,1
Siegburg,1
Siegen,4
Sierra Leone­[Westafrika],1
Sießen,1
Sietzsch,0
Sigmaringen,9
Sigmaringenstadt,1
Sigriswil­Schweiz,0
Silenbuch,1
Silkerode,0
Silstedt,0
Simfaropol i.d. Krimm­[Russland],1
Simla­Ostindien,1
Simmen i. Hunsrück,0
Simmern,2
Simmozheim,2
Simpheropol a.d. Krim­[Russland],1
Sindelfingen,7
Sindlingen,1
Sins,4
Sinsheim,2
Sinsheim a.d. Elsenz,1
Sitterdorf,1
Skagerrak,0
Skalmierzye,1
Skipton,0
Slawenitz,1
Sliven­[Bulgarien],1
Sliven­Bulgarien,1
Smazin,1
Smyrna­Kleinasien,1
Soden,0
Soden a.d. Werra,1
Soden i. Taunus,0
Soest,9
Söflingen,2
Söhlde,0
Söhnstetten,2
Solingen,2
Solingen-Ohligs,0
Söllingen,1
Solln,0
Solothurn,1
Solothurn­[Schweiz],1
Solothurn­Schweiz,1
Solz ü. Bebra,0
Somborn,1
Sommaisne,0
Somme,0
Sömmerda,1
Sommerfeld,2
Sommersdorf,0
Sommershausen,0
Sommerstedt,1
Sondelfingen,1
Sonderbuch,1
Sonderburg,0
Sonderhofen,1
Sondershausen,1
Sondershausen i. Thüringen,1
Sondrshausen,0
Sonneberg,2
Sonnenburg,1
Sonnewald i.d. Lausitz,1
Sontheim,3
Sontheim a.d. Brenz,0
Sontheim a.d.B.,1
Sontheim i. Stubenthal,1
Sonthofen,0
Sophienhof,1
Sorau,4
Sorau i.d. Niederlausitz,2
Sörup,1
Soutra,1
Spaichingen,10
Spandau,4
Sparneck i. Oberfranken,1
Speicher,5
Speyer,1
Spiegelberg,3
Spieka,1
Spielberg,2
Spören,0
Spornitz,1
Sprantal,1
Sprendlingen i. Rheinhessen,1
Springe,1
Springfield Clark,0
Sprottau,1
St. Albans­England,0
St. Andreasberg i. Harz,0
St. Aubin,2
St. Barrington,1
St. Blasien,1
St. Blasien i. Schwarzwald,0
St. Brais,1
St. Christina,1
St. Dié,0
St. Gallen,0
St. Gallen­[Schweiz],11
St. Gallenkappel,2
St. Gallen­Schweiz,4
St. Georgen,2
St. Georgen a.d. Stiefing,0
St. Gérard­Belgien,0
St. Goar,2
St. Goar a. Rhein,1
St. Goar a.Rh.,1
St. Goarshausen,1
St. Hippolyte du Fort,1
St. Imier,3
St. Immer,1
St. Jago­Chile,1
St. Johann,0
St. Jost,1
St. Louis,1
St. Marie Münsterthal,1
St. Marie-aux-Mines,1
St. Martin,1
St. Mauritz,1
St. Nazaire,0
St. Ottilien,0
St. Paul,0
St. Peter-Ording,0
St. Petersburg,3
St. Petersburg­[Russland],7
St. Petersburg­Russland,8
St. Peter­Schweiz,0
St. Prex,1
St. Quintin­Frankreich,0
St. Radegund,0
St. Remy-Neuvizy,0
St. Thomas­Westindien,1
St. Ursanne,1
St. Verena ob Solothurn,0
St. Vith,1
St. Wendel,1
St.Gallen­Schweiz,1
Sta. Maria i.M.,0
Staad,1
Staargard,1
Stade,7
Stadt,1
Stadt Zinne,1
Stadtberg,1
Stadthagen,1
Stadthaldendorf,1
Stadtilm,1
Stadtoldendorf,2
Stadtprozella,1
Staedtel,1
Stäfa,2
Stäfa­Schweiz,0
Staler Island­USA,0
Stalldacher See i. Oberbayern,0
Stallupoenen,1
Stammheim,2
Stampa im Bergell,1
Stanislau­Galizien,0
Stans,3
Stans­Shweiz,0
Stanz,2
Stargad,1
Stargard,7
Stargardt],1
Starnberg,0
Starzeddel,1
Staßfurt,2
Staudemin,1
Staudernheim,1
Staupitz i.d. Niederlausitz,1
Stawick­Schottland,1
Stebach,0
Stebbach,2
Steckborn,0
Steckborn[,1
Steckborn­Schweiz,0
Steckbrn,1
Steda?,1
Steeg,1
Steele,1
Steen­Holland,1
Steiden,1
Stein,2
Stein a. Rhein,3
Stein a. Rhein­Schweiz,0
Stein a.Rh.,1
Steinach,1
Steinau a.d. Oder,1
Steinbach,4
Steinbach-Hallenberg,1
Steinbach-Sennheim i.d. Vogesen,0
Steinenberg,2
Steinenbronn,1
Steinfischbach,1
Steinhausen,1
Steinheim,4
Steinhülben,1
Steinkirchen,1
Steinsbach a.D.,1
Stellenbosch­Süd-Afrika,1
Stenay,0
Stendal,4
Stendal i.d. Altmark,3
Stennfelde,1
Stephanshof,1
Sterling­Schottland,1
Sternberg,1
Stetten,6
Stetten a. Heuchelberg,1
Stetten a. kalten Markt,0
Stetten a.H.,1
Stetten i. R[emstal],1
Stetten i. Remstal,1
Stetten u. Hohlstein,1
Stetten u. Holstein,0
Stettin,21
Steubenville,1
Stevelin i.P.,1
Stewenhagen,1
Steyr,1
Stieders,1
Stiege,1
Stieglitz,1
Stierstadt,1
Stilli,1
Stirling­Schottland,1
Stochau?-Ransbach,1
Stockach,3
Stockheim,1
Stockholm,1
Stockholm­Schweden,1
Stockton on Lees­England,1
Stödtlen,1
Stollberg,1
Stollberg a. Harz,1
Stollig,1
Stolp,1
Stolpen,1
Stolzenau,1
Stora Warnsberg,1
Storkheim,1
Storkow,1
Stößen,0
Stötten,2
Straalhof,1
Strackholt,1
Strada,1
Straelen,4
Stralsund,5
Stralsund i. Neupommern,1
Strasburg,3
Strasburg i.d. Uckermark,0
Strasen,1
Straßberg,1
Strassberg a. Harz,1
Straßburg,2
Straßdorf,2
Straubing,1
Strausberg,1
Strehlen,2
Strelitz,2
Striegau,1
Strinum,1
Stromberg,1
Strümpfelbrunn,1
Stücken,1
Stuhlweißenburg­Ungarn,1
Stunsdorf?,1
Stutgart,0
Stuttgaart,0
Stuttgart,260
Stuttgart an Kriegsfolgen,0
Stuttgart Sillenbuch,0
Stuttgart-Bad Cannstatt,0
Stuttgart-Bad-Cannstatt,0
Stuttgart-Berg,0
Stuttgart-Birkach,0
Stuttgart-Botnang,0
Stuttgart-Cannstatt,0
Stuttgart-Degerloch,0
Stuttgart-Gablenberg,1
Stuttgart-Heslach,0
Stuttgart-Hohenheim,2
Stuttgart-Obertürkheim,0
Stuttgart-Stammheim,0
Stuttgart-Untertürkheim,0
Stuttgart-Vaihingen,0
Stuttgart-Weilimdorf,0
Stutttgart,0
Südenseehof i. Angele?,1
Suderode,0
Suemiswald?,1
Suesswinkel,1
Sugenheim?,1
Suhl,4
Sukow,0
Sulgries,1
Sulingen,1
Sulz,2
Sulz a. Neckar,6
Sulz a.N.,9
Sulzbach,2
Sülzbach,1
Sulzbach a. Kocher,2
Sulzbach a.d. Murr,1
Sulzbach-Schloßschmiedelfeld,1
Sulzburg,1
Sulzdorf,1
Sülzenhayn,0
Sulzfeld,3
Sülzfeld,1
Sülzhayn,0
Sulzscheid,1
Sundorn,1
Süplingen,1
Suppingen,4
Supplingen,1
Surbiton and Escher,0
Sursee[,1
Süshörn,1
Süßwinkel,0
Suttgart,0
Süwürder-Dech,1
Swampreott?,1
Syburg,0
Sz. Panith­Ungarn,1
Szeged­Ungarn,0
Szentgerliere,1
Szklemo­Ungarn,1
Szt. Nicolau­Ungarn,1
T. Bazardjik­Bulgarien,1
T. Vezseny­Ungarn,1
Taarstedt,1
Tabarz,0
Täbingen,1
Taganrog­Russland,1
Tahure,0
Tailfingen,1
Taiwan,0
Tambaya­Mexiko,1
Tambov,0
Tampere­Finnland,0
Tangemünde,1
Tangermünde,1
Tangon­Frankreich,1
Tannenhof,0
Tannenhof i. Lüdringhausen,0
Tannenkrug,1
Tannhausen,0
Tarnow,1
Tarp,1
Tarthun,0
Tating,1
Tauberbischofsheim,1
Taunfeld,1
Techwitz?,1
Tecklenburg,2
Tegernau,1
Tegernsee,0
Tegucigalpa­Honduras,0
Teheran­Iran,0
Teicha,1
Teinach,3
Tellicherry­Ostindien,1
Temesvar­Ungarn,1
Tempelhof,1
Templin i.d. Mark Brandenburg,0
Temuco­Chile,0
Ten Brielen,0
Tennenbronn,1
Tennstedt [i. Thüringen,1
Teplitz,1
Teplitz-Schönau,0
Terichow,1
Terwil,2
Tessin,1
Teterow,1
Tetschen a.d. Elbe,1
Tettau,1
Tettnang,7
Teufen,2
Teufen­Schweiz,0
Teufenthal,1
Teufringen,2
Teugenhausen,1
Tezpur,1
Thale a. Harz,1
Thale i. Harz,0
Thalheim,5
Thalwil­Schweiz,0
Thamm,1
Thamsbrück,0
Thann i. Oberelsass,1
Thannhausen,0
Thannheim,2
Thannshardt,1
Thayningen,1
Theisbergstegen i.d. Pfalz,0
Theisbergstegen i.d. Rheinpfalz,1
Themar,0
Thengen,2
Thening,1
Thenningen,1
Therwil,1
Thesalien­Griechenland,1
Thieringen,1
Thieval,0
Thieval a.d. Somme,0
Thondorf,0
Thönning,1
Thonon,0
Thor von Pelz,1
Thörigen,1
Thorn,4
Thorst,1
Thuin,0
Thun,4
Thuningen,1
ThunßSchweiz,0
Thunstetten?,1
Thunum,0
Thurnau,3
Thurnau i. Oberfranken,0
Thusis,2
Tiefensee,1
Tiefhartmannsdorf,1
Tiegenhof,3
Tiflis,1
Tiflis­Armenien,0
Tigerfeld,1
Tilsit,1
Tirol,0
Tittmoning i. Oberbayern,0
Tnemekow,1
Tnoiebefleth?,1
Tobel,2
Todtmoos,0
Toibohm,1
Tokyo­Japan,1
Tölz,0
Tommerdingen,1
Tondern,3
Tönning,2
Tontagnola,0
Torgau,1
Tossens,1
Traar,1
Traben,1
Traben-Trarbach,0
Trachenau,1
Tralau i. Holstein,1
Trapezunt­Türkei,1
Trarbach a.d. Mosel,1
Traunstein i. Oberbayern,1
Trebelshain,1
Trebsen,1
Tremessen,1
Treptow,1
Treptow a. R.,1
Treptow a.d. Rega,1
Treschklingen,3
Treuchtelfingen,1
Treya,1
Trichtingen,1
Triensbach,2
Triepkendorf,0
Trier,4
Trier nach Verwundung,0
Trillfingen,1
Trimmis,2
Tringen,1
Trin­Schweiz,0
Tripolis­Lybien,0
Trochtelfingen,1
Trogen,2
Trossingen,3
Troy,2
Truchtelfingen,2
Trüttlikon,1
Trzcielino,1
Trzciniec­Russland,0
Tschatschak­Serbien,1
Tsingtau-Qingdao­China,0
Tübingen,84
Tübngen,0
Tüllingen,0
Tunbridge Wells,0
Turkowo,1
Turku,0
Tuttlingen,12
Tuttlingen a.d. Donau,1
Tutzing,1
Tutzing i. Oberbayern,1
Tweedt,1
Twixlum,1
Überlingen,2
Überlingen a. Bodensee,0
Überlingen a. See,1
Übrigshausen,1
Uchta,1
Uchtenhagen i.d. Altmark,0
Ückeritz auf Usedom,0
Uckermünde,1
Udapi­Ostindien,1
Udapi­Ost-Indien,1
Uedemesbruch,1
Ueken,1
Uelzen,1
Uerdingen,1
Uetersen,5
Uffelen,1
Uffenheim,7
Uftrungen,0
Uhingen,1
Uhlbach,1
Uhorszka,1
Ührde,1
Uihingen,1
Ujest,1
Uk,1
Ükermünde,1
Üllnitz,1
Ulm,99
Ulm [a.d. Donau],1
Ulm a.d. Donau,4
Ulm-Wiblingen,0
Undingen,3
ungar. Brod,1
Ungarisch-Altenburg,1
Unlingen,2
Unna,7
Unter-Aegeri,1
Unterbarmen,1
Unter-Böhringen,1
Unterderdingen,1
Unterdeufstetten,0
Unter-Deufstetten,2
Unterdischingen,1
Untereggen,1
Untereisenbach,1
Unterensingen,0
Unter-Ensingen,1
Unteressendorf,0
Untergröningen,3
Untergruppenbach,2
Unterhausen,1
Unterheimbach,1
Unterheinrieth,1
Unterhohenried,1
Unterkochen,2
Unterleinleiter,1
Untermünkheim,1
Unterneustetten,1
Unterregenbach,2
Unterreichenbach,2
Unterriexingen,2
Unterriexingen a.d. Enz,1
Unterrodach,1
Unterschneidheim-Nordhausen,0
Unterschwarzach,1
Untersielmingen,0
Untersontheim,4
Unterstraß,1
Untertürkheim,2
Unterweißach,1
Untrtürkheim,0
Upleward,1
Uppsala­Schweden,1
Urach,5
Urbach,1
Urbana,0
Urekweiler,1
Urmény,1
Urnäsch,1
USA,0
Usingen,3
Uster,2
Ütersum auf Föhr,1
Utrecht­Holland,0
Uttenhofen,1
Uttenweiler,2
Utznach,1
Uznach,1
Vacha i.d. Rhön,0
Vahnerow,0
Vaihingen,2
Vaihingen a.d Enz,1
Vaihingen a.d. Ens-Kleinglattbach,0
Vaihingen a.d. Enz,13
Vaihingen a.d. Fildern,4
Vaihingen a.E.,1
Vaihingen a.F.,0
Valangin,2
Valbert,1
Valdorf,1
Valentigney,0
Valkenburg­Holland,0
Vallabes,1
Valparaiso­Chile,1
Vandsburg,0
Varel,2
Varna­Türkei,1
Varnheim­Schweden,0
Vayhingen a.d. Enz,1
Vechta,5
Vegesack,1
Vehlage,2
Vehlefanz,1
Veile,1
Veldhausen,1
Vellberg,1
Veltheim,1
Venedig,0
Venedig­Italien,0
Verden,2
Verden a.d. Aller,1
Verdun,0
Verdun­Frankreich,0
Veringenstadt,0
Vernier,1
Verona­Italien,1
verschollen,0
Vevey,7
Vevey­Schweiz,0
Victorbur,1
Viersheim,1
Vierzehnheiligen,0
Vierzon,1
Vieux-Chien,0
Villach,0
Villers,0
Villingen,3
Villmar,0
Vilsen,2
Vinningen,1
Visquard i. Ostfriesland,1
Vista Alegre­Brasilien,0
Vitré,0
Vitry-les-Reims,0
Vivis,1
Vladslo­Belgien,0
Voelbert,1
Vogesen,0
Vogt,2
Vöhringen,1
Vohsfelde,1
Vohwinkel,1
Völklingen,2
Völlinghausen,1
Volmarstein,2
Volo,1
vor Paris­[Frankreich],0
vor Paris­Frankreich,0
Vorbachzimmern,1
Vorhelm,1
Vorsfelde,1
Vouziers­Frankreich,0
Vuillerens,1
Waase auf Rügen,1
Wachbach,2
Wachendorf,3
Wachstein,1
Wadern,1
Wadersloh,0
Wagnerhof,1
Wahlen,2
Wahlrod,0
Waiblingen,12
Wald,1
Waldangelhof,1
Waldangelloch,1
Waldbach,1
Waldbroch,1
Waldbroel,1
Waldburg,2
Walddernbach,1
walddof,0
Walddorf,5
Walde,1
Waldeck,1
Waldenbuch,2
Waldenburg,9
Waldenburg i. Hohenlohe,1
Waldfischbach i.d. Rheinpfalz,1
Waldhausen,1
Waldkappel,0
Waldkirch,3
Waldmannshofen,1
Waldorf,1
Waldsee,11
Waldshut,3
Waldsmannhofen,1
Waldstetten,0
Waldthann,1
Wallachsen,1
Walldorf,2
Wallerstein,0
Wallhalben i.d. Pfalz,1
Wallmerod,1
Wallroth,1
Walsheim i.d. Pfalz,2
Walsrode,1
Waltensburg,3
Waltensburg­Schweiz,0
Walternienburg,1
Waltersdorf,1
Waltersdorf [i.d. Niederlausitz],1
Waltershausen,0
Wandsbeck,1
Wandsbek,1
Wangen,10
Wangen a. Bodensee,1
Wangen i. Algäu,1
Wangen i. Allgäu,8
Wängi,0
Wankheim,4
Wanne,1
Wanzleben,1
Warasdin­Kroatien,1
Warburg,1
Waren,3
Warendorf,1
Warfreihe,1
Warin,1
Warnemünde,1
Warschau­Polen,1
Warschau­Russland,1
Warstein,1
Warth,3
Warthausen,1
Wasa,1
Wasa­Finnland,1
Wasbüttel,1
Wäschenbeuren,3
Wasenweiler,1
Washington,0
Wasseralfingen,10
Wasserburg,0
Wasserburg a. Bodensee,0
Wasserhorst,0
Waterfor New London,1
Watertown,1
Wattwil­Schweiz,0
Wattwyl,1
Watzum?,1
We?,1
Wedderstedt,1
Weende,1
Weener,2
Weferlingen,1
Wegberg,1
Wegstetten,1
Wehingen,0
Wehr,1
Wehrheim,1
Weidel,1
Weiden,1
Weierhof i.d.Pfalz,0
Weiher i.d. Oberpfalz,1
Weikersheim,8
Weil,1
Weil d. Kloster,1
Weil der Stadt,5
Weil i. Schönbuch,2
Weil im Dorf,1
Weil im Schönbuch,1
Weilar,0
Weilau,1
Weilburg,2
Weilderstadt,3
Weiler,4
Weilheim,2
Weilheim a.d. Teck,1
Weilheim an der Teck,1
Weilheim u. Teck,1
Weilheim u.T.,1
Weilimdorf,3
Weilmünster,2
Weimar,3
Weingarten,10
Weinheim,1
Weinheim a.d. Bergstraße,0
Weinsberg,12
Weinsheim,1
Weippertshofen,2
Weiß,1
Weißenau,2
Weissenburg,1
Weißenburg a. Sand,1
Weißenburg a.S.,1
Weißenburg i. Mittelfranken,1
Weißenfeld,1
Weißenfels,4
Weißenfels a.d. Saale,1
Weißenheim a.B.,1
Weissensee,1
Weissenstein,2
Weißtannen,1
Welau,1
Welenitz,1
Wellerswalde,1
Wellinghalthausen,1
Wellington,1
Welschenennest,1
Welschenenst,1
Welschneureut,0
Welver,0
Welzheim,15
Wenden­Livland,1
Wendlingen-Unterboihingen,0
Wengern,1
Wengern a.d. Ruhr,1
Wengi,1
Wengy,1
Wenkheim,0
Wentow,1
Werbach a.d. Tauber,0
Werben,1
Werchne Udinske,0
Werdau,1
Werden,1
Werden a.d. Ruhr,1
Werder,1
Werdumer-Altendeich,1
Werl,2
Werleshausen,0
Wernau-Steinbach,0
Werne,0
WERnigerode,0
Wernigerode ?,0
Wernigerode i. Harz,0
Werrdin?,1
Wertheim,2
Wesel,8
Wesenberg,1
Wessen­Schweiz,0
Wessingen,1
West Mudsn?,1
Westensee,1
Westerburg,1
Westercappeln,1
Wester-Cappeln,1
Westercharlottenpolder,1
Westerhauderfehn,2
Westerhever,1
Westerkappeln,1
Westerofen,1
Westheim,0
Wetter a.d. Ruhr,1
Wettin,2
Wettingen,1
Wetzendorf,0
Wetzikon,0
Wetzlar,4
Wevelsburg,2
Wezikon,1
Whitewater,1
Wi??dorf,1
Wiblingen,8
Wiborg­Finnland,1
Wichmannsburg,0
Wichtens,1
Wickede-Aßeln,1
Wickerode a. Harz,1
Wickerstedt,1
Widdern Nethausen,1
Widdershall,1
Wiebelskirchen,0
Wieda,1
Wiedenbrück,1
Wiefelstede,1
Wiehe,1
Wiek,1
Wien,1
Wien­[Östereich-Ungarn],1
Wien­[Österreich],2
Wienhausen,0
Wien­Österrecih,0
Wien­Österreich,10
Wienrode,0
Wiernsheim,1
Wies,1
Wiesbaden,10
Wiesbaden-Biebrich,0
Wiesen,2
Wiesenbach,1
Wiesensteig,7
Wiesenstetten,1
Wiesloch,2
Wigan a. Harz],1
Wigoldingen,1
Wildbad,5
Wildberg,7
Wildberg­Württemberg,1
Wildenau,1
Wildhaus,2
Wildungen,1
Wilferdingen,0
Wilfingen,1
Wilflingen,1
Wilhelmsdorf,3
Wilhelmshafen a.d. Jade,1
Wilhelmshaven,0
Wilhelmskirch,1
Wili,1
Wiliwina­Griechenland,1
Willisa,1
Willmandingen,1
Willmars,1
Willsbach,4
Wilmersdorf,0
Wilna,1
Wilna­Russland,1
Wilow­Russland,1
Wilsdruff,1
Wilstedt,2
Wilster,1
Wimpfen,1
Wimpfen a.N.,2
Wimsheim,1
Windau­Russland,1
Windecken,0
Winden i.d.Rheinpfalz,1
Windhoek­Namibia,0
Winfelden,1
Wingershausen,1
Winkel a. Rhein,1
Winnenden,16
Winnental,0
Winnenthal,3
Winnipeg,0
Winnis i. Allgäu,0
Winnweiler,1
Winsen a.d. Luhe,1
Winterbach,5
Winterfeld i.d. Altmark,1
Winterhausen,1
Winterlingen,3
Winterthur,5
Winterthur­[Schweiz],1
Winzeldorf,1
Winzingen,1
Wippa i. Südharz,0
Wipperfürth,1
Wismar,4
Wißelsheim,1
Wißen a.d. Sieg,1
Witlisau,1
Witten,1
Witten a.d. Ruhr,1
Witten? a.d. Ruhr,1
Wittenberg,8
Wittenberg a.d. Elbe,1
Wittenberge,2
Wittenberge [a.d. Elbe],1
Wittenburg,1
Wittenburg],1
Witterswil,1
Wittingen,1
Wittlich,1
Wittlohe,1
Wittmund [i. Ostfriesland],1
Wittstock,1
Witzenhausen,0
Witzhawe,1
Wizzingen,1
Wohlen,1
Woldenberg,1
Woldenberg i.d. Mark Brandenburg,1
Woldenberg i.d. Neumark,1
Wolfach,0
Wolfegg,3
Wolfenbüttel,8
Wolfenhausen,3
Wolfertsweiler,1
Wolffleben,0
Wolfhagen,1
Wölflesberg,1
Wölflinsbyl,1
Wolfsburg i.d. Altmark,1
Wolfschlugen,2
Wolfshagen U.M.,1
Wolfskehlen,0
Wolgast i. Neuvorpommern,1
Wolhynien,0
Wolkenstein,1
Wollbach,0
Wollin,1
Wollmersheim,1
Wollstein,3
Wolmirstedt,4
Wolpertshausen,1
Wolpertsreute,1
Wolpertswende,1
Woltersdorf,0
Wolverhampton­England,1
Wongrowitz,1
Woodend­Schottland,1
Wörmlitz,1
Worms,2
Wörth,0
Wostewitz a. Rügen,1
Woxfelde,1
Wriezen a.d. Oder,3
Wszeliwy­Polen,0
Wukowàz,1
Wulfflatzke,0
Wülfingerode,1
Wülfrath,1
Wümliswyl?,1
Wünschelburg,1
Wunstorf,2
Wupertal-Elberfeld,0
Wuppertal,0
Wuppertal-Barmen,0
Wuppertal-Elberfeld,0
Wuppertal-Sonnborn,0
Würgassen,0
Wurmberg,1
Wurmlingen,4
Würrich,1
Wurzach,2
Würzbug,0
Würzburg,5
Wüstenrot,1
Wusterbarth,1
Wusterhausen a.D.,1
Wüstewaltersdorf,1
Wustrau i.d. Mark Brandenburg,1
Wüttislingen,1
Wutzig,1
Wyden,1
Wyk a. Föhr,0
Wyk auf Föhr,0
Wyl,2
Yamaguchi­Japan,1
Yokohama­Japan,1
Yoncq­Frankreich,0
York,2
Ypern,0
Yverdon,2
Zabartowo,1
Zaberfeld,1
Zabrze,1
Zachau,1
Zades a. Rügen,1
Zahlbach?,1
Zainigen,1
Zainingen,1
Zaisersweiher,0
Zaiserweiher,1
Zalesie,1
Zandershagen,1
Zange,1
Zanow,1
Zante­Griechenland,1
Zarrentin,1
Zauckeroda,1
Zavelstein,1
Zbara?,1
Zechin,1
Zedenick,0
Zeil,1
Zeiskam,0
Zeitz,1
Zeitz a.d. Gleister,1
Zelionophe­Amerika,1
Zell,1
Zell a.d. Mosel,0
Zell a.E.,1
Zell E.O.,1
Zeppel­Russland,1
Zerbst,5
Zettemin,1
Zeulenroda,0
Zeutzsch,1
Zeven,3
Zichtau i.d. Altm.,1
Ziedt,1
Ziegenhain,1
Ziegenrück,1
Zielenzig,1
Zielonke,1
Zienitz,1
Ziepel,0
Zierenberg,0
Zillbach,1
Zillhausen,0
Zilly,0
Zimmerwald,1
Zimmrn ob Rottweil-Wildenstein,0
Zinsow,1
Zippnow,1
Zirke,1
Zittau,2
ZK Theresienstadt,0
Zofingen,2
Zoppot,0
Zorbau,0
Zörbig,0
Zorge,1
Zorge a. Harz,1
Zossen i.d. Mark Brandenburg,1
Zschackau,0
Zschöcherchen,1
Zuffenhausen,2
Zug­Schweiz,0
Zuithoek,0
Züllichau,1
Zülz,1
Zumebröcke,0
Zuntzgen,1
Zur Strasse,1
Zürich,2
Zürich[-Hottingen]­Schweiz,1
Zürich­[Schweiz],8
Zürich­Schweiz,4
Zürichthal,1
Zürichthal a.d. Krim­Russland,1
Zurzach,1
Züsch,1
Züttlingen,1
Zuz,1
Zuzenhausen,0
Zuzwyl,1
Zwecka,1
Zweibrücken i.d. Pfalz,1
Zwenckau,0
Zwickau,5
Zwiefalten,7
Zwingenberg,1
Zwota,1
